,endTime,artistName,trackName,msPlayed,UniqueID,In Library,album,track_uri
0,2020-10-10 14:14,Sandip Ssingh,Namo Namo,12390,Sandip Ssingh:Namo Namo,0,,
1,2020-10-10 14:14,Sukhwinder Singh,Saugandh Mujhe Iss Mitti Ki,9416,Sukhwinder Singh:Saugandh Mujhe Iss Mitti Ki,0,,
2,2020-10-10 14:18,Sandip Ssingh,Namo Namo,3653,Sandip Ssingh:Namo Namo,0,,
3,2020-10-10 14:18,Sukhwinder Singh,Saugandh Mujhe Iss Mitti Ki,235333,Sukhwinder Singh:Saugandh Mujhe Iss Mitti Ki,0,,
4,2020-10-10 14:40,Suvarna Tiwari,Ishwar Allah,78476,Suvarna Tiwari:Ishwar Allah,0,,
5,2020-10-10 17:59,Sukhwinder Singh,Saugandh Mujhe Iss Mitti Ki,235333,Sukhwinder Singh:Saugandh Mujhe Iss Mitti Ki,0,,
6,2020-10-10 18:00,Sandip Ssingh,Namo Namo,19313,Sandip Ssingh:Namo Namo,0,,
7,2020-10-10 18:00,Diljit Dosanjh,Pyaar,8210,Diljit Dosanjh:Pyaar,0,,
8,2020-10-10 18:00,Diljit Dosanjh,Track Suit,3894,Diljit Dosanjh:Track Suit,0,,
9,2020-10-10 18:03,Diljit Dosanjh,G.O.A.T.,186735,Diljit Dosanjh:G.O.A.T.,0,,
10,2020-10-11 05:11,Sukhwinder Singh,Saugandh Mujhe Iss Mitti Ki,225596,Sukhwinder Singh:Saugandh Mujhe Iss Mitti Ki,0,,
11,2020-10-12 02:34,Suvarna Tiwari,Ishwar Allah,13671,Suvarna Tiwari:Ishwar Allah,0,,
12,2020-10-12 02:35,Siddharth Mahadevan,Hindustani,2173,Siddharth Mahadevan:Hindustani,0,,
13,2020-10-12 02:39,Sandip Ssingh,Namo Namo,17733,Sandip Ssingh:Namo Namo,0,,
14,2020-10-12 02:39,Raja Hasan,Fakeera,1751,Raja Hasan:Fakeera,0,,
15,2020-10-12 02:39,Javed Ali,Junoon,2314,Javed Ali:Junoon,0,,
16,2020-10-12 02:39,Sukhwinder Singh,Saugandh Mujhe Iss Mitti Ki,235312,Sukhwinder Singh:Saugandh Mujhe Iss Mitti Ki,0,,
17,2020-10-12 02:40,Siddharth Mahadevan,Hindustani,24029,Siddharth Mahadevan:Hindustani,0,,
18,2020-10-12 02:44,Sandip Ssingh,Namo Namo,0,Sandip Ssingh:Namo Namo,0,,
19,2020-10-12 02:44,Raja Hasan,Fakeera,1042,Raja Hasan:Fakeera,0,,
20,2020-10-12 02:44,Javed Ali,Junoon,1674,Javed Ali:Junoon,0,,
21,2020-10-12 02:44,Siddharth Mahadevan,Hindustani,40,Siddharth Mahadevan:Hindustani,0,,
22,2020-10-12 02:44,Sukhwinder Singh,Saugandh Mujhe Iss Mitti Ki,231666,Sukhwinder Singh:Saugandh Mujhe Iss Mitti Ki,0,,
23,2020-10-12 02:45,Sukhwinder Singh,Saugandh Mujhe Iss Mitti Ki,53725,Sukhwinder Singh:Saugandh Mujhe Iss Mitti Ki,0,,
24,2020-10-12 09:39,Sandip Ssingh,Namo Namo,4912,Sandip Ssingh:Namo Namo,0,,
25,2020-10-12 09:39,Sukhwinder Singh,Saugandh Mujhe Iss Mitti Ki,234086,Sukhwinder Singh:Saugandh Mujhe Iss Mitti Ki,0,,
26,2020-10-14 02:16,Ranveer Singh,Apna Time Aayega,140463,Ranveer Singh:Apna Time Aayega,0,,
27,2020-10-14 02:19,Shankar-Ehsaan-Loy,Zinda,211117,Shankar-Ehsaan-Loy:Zinda,0,,
28,2020-10-14 02:23,Romy,Challa,207773,Romy:Challa,0,,
29,2020-10-14 02:27,Divya Kumar,Jee Karda (Rock Version),239284,Divya Kumar:Jee Karda (Rock Version),0,,
30,2020-10-14 02:27,DIVINE,Paintra - Extended Version,24784,DIVINE:Paintra - Extended Version,0,,
31,2020-10-14 02:27,Shankar-Ehsaan-Loy,Lakshya,2664,Shankar-Ehsaan-Loy:Lakshya,0,,
32,2020-10-14 02:28,Benny Dayal,Bang Bang,0,Benny Dayal:Bang Bang,0,,
33,2020-10-14 02:28,Asha Bhosle,Hungamaa Ho Gaya,3917,Asha Bhosle:Hungamaa Ho Gaya,0,,
34,2020-10-14 02:28,Sukhwinder Singh,Kar Har Maidaan Fateh,1807,Sukhwinder Singh:Kar Har Maidaan Fateh,0,,
35,2020-10-14 02:28,Shankar-Ehsaan-Loy,Kandhon Se Milte Hain Kandhe,2103,Shankar-Ehsaan-Loy:Kandhon Se Milte Hain Kandhe,0,,
36,2020-10-14 02:32,Shankar-Ehsaan-Loy,Soorma Anthem,251984,Shankar-Ehsaan-Loy:Soorma Anthem,0,,
37,2020-10-14 02:35,Imagine Dragons,Thunder,187146,Imagine Dragons:Thunder,1,Evolve,1zB4vmk8tFRmM9UULNzbLB
38,2020-10-14 02:37,Vishal Dadlani,Ziddi Dil,92041,Vishal Dadlani:Ziddi Dil,0,,
39,2020-10-15 01:29,Romy,Challa,207773,Romy:Challa,0,,
40,2020-10-15 01:30,Survivor,Eye of the Tiger,440,Survivor:Eye of the Tiger,0,,
41,2020-10-15 01:30,Divya Kumar,Jee Karda (Rock Version),1845,Divya Kumar:Jee Karda (Rock Version),0,,
42,2020-10-15 01:30,Benny Dayal,Bang Bang,0,Benny Dayal:Bang Bang,0,,
43,2020-10-15 01:30,Shankar-Ehsaan-Loy,Soorma Anthem,0,Shankar-Ehsaan-Loy:Soorma Anthem,0,,
44,2020-10-15 01:30,Katy Perry,Firework,0,Katy Perry:Firework,0,,
45,2020-10-15 01:30,Vishal Dadlani,Ziddi Dil,305,Vishal Dadlani:Ziddi Dil,0,,
46,2020-10-15 01:30,Vishal Dadlani,Ziddi Dil,387,Vishal Dadlani:Ziddi Dil,0,,
47,2020-10-15 01:30,Shankar-Ehsaan-Loy,Bhaag Milkha Bhaag,0,Shankar-Ehsaan-Loy:Bhaag Milkha Bhaag,0,,
48,2020-10-15 01:30,Vishal-Shekhar,Sultan,0,Vishal-Shekhar:Sultan,0,,
49,2020-10-15 01:30,Asha Bhosle,Hungamaa Ho Gaya,0,Asha Bhosle:Hungamaa Ho Gaya,0,,
50,2020-10-15 01:30,Sukhwinder Singh,Kar Har Maidaan Fateh,0,Sukhwinder Singh:Kar Har Maidaan Fateh,0,,
51,2020-10-15 01:30,A.R. Rahman,Jai Ho! (You Are My Destiny),0,A.R. Rahman:Jai Ho! (You Are My Destiny),0,,
52,2020-10-15 01:30,AC/DC,Highway to Hell,0,AC/DC:Highway to Hell,0,,
53,2020-10-15 01:30,Imagine Dragons,Thunder,0,Imagine Dragons:Thunder,1,Evolve,1zB4vmk8tFRmM9UULNzbLB
54,2020-10-15 01:30,Imagine Dragons,Thunder,290,Imagine Dragons:Thunder,1,Evolve,1zB4vmk8tFRmM9UULNzbLB
55,2020-10-15 01:30,Black Eyed Peas,Pump It,0,Black Eyed Peas:Pump It,0,,
56,2020-10-15 01:30,Timmy Trumpet,Mufasa,0,Timmy Trumpet:Mufasa,0,,
57,2020-10-15 01:30,DIVINE,Paintra - Extended Version,0,DIVINE:Paintra - Extended Version,0,,
58,2020-10-15 01:30,Shankar-Ehsaan-Loy,Lakshya,0,Shankar-Ehsaan-Loy:Lakshya,0,,
59,2020-10-15 01:30,Vishal Dadlani,Salaam India,0,Vishal Dadlani:Salaam India,0,,
60,2020-10-15 01:30,Linkin Park,In the End,0,Linkin Park:In the End,0,,
61,2020-10-15 01:30,Ranveer Singh,Asli Hip Hop,0,Ranveer Singh:Asli Hip Hop,0,,
62,2020-10-15 01:30,Vishal Dadlani,"Malhari (From ""Bajirao Mastani"")",714,"Vishal Dadlani:Malhari (From ""Bajirao Mastani"")",0,,
63,2020-10-15 01:30,Shankar-Ehsaan-Loy,Kandhon Se Milte Hain Kandhe,0,Shankar-Ehsaan-Loy:Kandhon Se Milte Hain Kandhe,0,,
64,2020-10-15 01:30,Dub Sharma,Azadi,0,Dub Sharma:Azadi,0,,
65,2020-10-15 01:30,Imagine Dragons,Believer,523,Imagine Dragons:Believer,1,Evolve,0pqnGHJpmpxLKifKRmU6WP
66,2020-10-15 01:36,Eminem,Not Afraid,16850,Eminem:Not Afraid,0,,
67,2020-10-15 01:36,U2,With Or Without You - Remastered,1986,U2:With Or Without You - Remastered,0,,
68,2020-10-15 01:36,U2,With Or Without You - Remastered,706,U2:With Or Without You - Remastered,0,,
69,2020-10-15 01:36,Abhijeet,"Baadshah O Baadshah (From ""Baadshah"")",2175,"Abhijeet:Baadshah O Baadshah (From ""Baadshah"")",0,,
70,2020-10-15 01:36,The Sly Guys,"I'm Shipping Up to Boston (From ""Grudge Match"")",1369,"The Sly Guys:I'm Shipping Up to Boston (From ""Grudge Match"")",0,,
71,2020-10-15 01:36,Ajay Gogavale,Zingaat,300,Ajay Gogavale:Zingaat,0,,
72,2020-10-15 01:36,Ajay Gogavale,Zingaat,1047,Ajay Gogavale:Zingaat,0,,
73,2020-10-15 01:36,Maroon 5,Girls Like You,215229,Maroon 5:Girls Like You,0,,
74,2020-10-15 01:36,Salim–Sulaiman,Chak De India,0,Salim–Sulaiman:Chak De India,0,,
75,2020-10-15 01:36,Daler Mehndi,Dangal,262,Daler Mehndi:Dangal,0,,
76,2020-10-15 01:36,Raftaar,Dhaakad,640,Raftaar:Dhaakad,0,,
77,2020-10-15 01:37,ORÎ,Fire in the Flood,696,ORÎ:Fire in the Flood,0,,
78,2020-10-15 01:37,Ajay-Atul,Brothers Anthem,543,Ajay-Atul:Brothers Anthem,0,,
79,2020-10-15 01:37,Adnan Dhool,Ho Ja Mast Malang Tu,8388,Adnan Dhool:Ho Ja Mast Malang Tu,0,,
80,2020-10-15 01:37,DIVINE,Sher Aaya Sher,1157,DIVINE:Sher Aaya Sher,0,,
81,2020-10-15 01:37,DIVINE,Sher Aaya Sher,33544,DIVINE:Sher Aaya Sher,0,,
82,2020-10-15 01:37,Kailash Kher,"Chak Lein De (From ""Chandni Chowk To China"")",4372,"Kailash Kher:Chak Lein De (From ""Chandni Chowk To China"")",0,,
83,2020-10-15 01:38,Jasmine Sandlas,"Illegal Weapon 2.0 (From ""Street Dancer 3D"")",33380,"Jasmine Sandlas:Illegal Weapon 2.0 (From ""Street Dancer 3D"")",0,,
84,2020-10-15 01:55,Sukhwinder Singh,Saugandh Mujhe Iss Mitti Ki,233844,Sukhwinder Singh:Saugandh Mujhe Iss Mitti Ki,0,,
85,2020-10-15 01:56,Sandip Ssingh,Namo Namo,47093,Sandip Ssingh:Namo Namo,0,,
86,2020-10-15 02:00,Alan Walker,The Spectre,193787,Alan Walker:The Spectre,0,,
87,2020-10-15 02:03,K-391,Play,167974,K-391:Play,0,,
88,2020-10-15 02:06,K-391,End of Time,187560,K-391:End of Time,0,,
89,2020-10-15 02:09,Alan Walker,"Alone, Pt. II",179052,"Alan Walker:Alone, Pt. II",1,"Alone, Pt. II",0bMbDctzMmTyK2j74j3nF3
90,2020-10-15 02:12,Alan Walker,Heading Home,184878,Alan Walker:Heading Home,0,,
91,2020-10-15 02:15,Alan Walker,Faded,212092,Alan Walker:Faded,0,,
92,2020-10-15 02:19,Alan Walker,On My Way,193795,Alan Walker:On My Way,0,,
93,2020-10-15 03:27,Alan Walker,Ignite,66308,Alan Walker:Ignite,0,,
94,2020-10-15 11:41,Alan Walker,Ignite,144205,Alan Walker:Ignite,0,,
95,2020-10-15 11:44,Alan Walker,Darkside,211674,Alan Walker:Darkside,0,,
96,2020-10-15 11:46,Alan Walker,Time - Alan Walker Remix,13361,Alan Walker:Time - Alan Walker Remix,0,,
97,2020-10-15 11:46,Alan Walker,Do It All for You,890,Alan Walker:Do It All for You,0,,
98,2020-10-15 11:46,Madison Beer,Selfish - Alan Walker Remix,26374,Madison Beer:Selfish - Alan Walker Remix,0,,
99,2020-10-16 02:06,Kailash Kher,Allah Ke Bande,54260,Kailash Kher:Allah Ke Bande,0,,
100,2020-10-16 02:07,Kailash Kher,Allah Ke Bande,14836,Kailash Kher:Allah Ke Bande,0,,
101,2020-10-16 02:08,Alok,Don't Cry For Me (with Jason Derulo),67889,Alok:Don't Cry For Me (with Jason Derulo),0,,
102,2020-10-16 02:10,Diljit Dosanjh,G.O.A.T.,85099,Diljit Dosanjh:G.O.A.T.,0,,
103,2020-10-16 02:36,KSHMR,Bruk It Down (feat. TxTHEWAY),23520,KSHMR:Bruk It Down (feat. TxTHEWAY),0,,
104,2020-10-16 02:39,Karan Aujla,Kya Baat Aa,219324,Karan Aujla:Kya Baat Aa,0,,
105,2020-10-16 02:43,Diljit Dosanjh,G.O.A.T.,223636,Diljit Dosanjh:G.O.A.T.,0,,
106,2020-10-16 02:47,Prem Dhillon,Old Skool,253636,Prem Dhillon:Old Skool,0,,
107,2020-10-16 02:49,Baani Sandhu,8 Parche,3061,Baani Sandhu:8 Parche,0,,
108,2020-10-16 02:49,Gurnam Bhullar,Jhanjran,77049,Gurnam Bhullar:Jhanjran,0,,
109,2020-10-16 02:49,Shooter Kahlon,Game,18399,Shooter Kahlon:Game,0,,
110,2020-10-16 02:49,Jass Manak,Butterfly,2846,Jass Manak:Butterfly,0,,
111,2020-10-16 02:49,Akhil,Kalla Sohna Nai,2827,Akhil:Kalla Sohna Nai,0,,
112,2020-10-16 02:50,Nikk,Yaari,1477,Nikk:Yaari,0,,
113,2020-10-16 02:50,Diljit Dosanjh,Clash,30479,Diljit Dosanjh:Clash,0,,
114,2020-10-16 02:50,Akhil,Khaab,352,Akhil:Khaab,0,,
115,2020-10-16 02:50,Jass Manak,No Competition,1543,Jass Manak:No Competition,0,,
116,2020-10-16 02:50,Maninder Buttar,Sakhiyaan,756,Maninder Buttar:Sakhiyaan,0,,
117,2020-10-16 02:50,Karan Randhawa,Jhanjra,296,Karan Randhawa:Jhanjra,0,,
118,2020-10-16 02:53,Ammy Virk,Tod Da E Dil,157058,Ammy Virk:Tod Da E Dil,0,,
119,2020-10-16 02:54,B Praak,Jannat,2191,B Praak:Jannat,0,,
120,2020-10-16 02:54,Jass Manak,Gal Sun,4832,Jass Manak:Gal Sun,0,,
121,2020-10-16 02:54,Guru Randhawa,Lagdi Lahore Di,898,Guru Randhawa:Lagdi Lahore Di,0,,
122,2020-10-16 02:54,Maninder Buttar,Teri Meri Ladayi,72802,Maninder Buttar:Teri Meri Ladayi,0,,
123,2020-10-16 02:54,Diljit Dosanjh,Navi Navi Yaari,1145,Diljit Dosanjh:Navi Navi Yaari,0,,
124,2020-10-16 02:54,Prabh Gill,Love You Oye,1784,Prabh Gill:Love You Oye,0,,
125,2020-10-16 02:56,Imran Khan,Satisfya,86921,Imran Khan:Satisfya,0,,
126,2020-10-16 04:58,Imran Khan,Satisfya,8190,Imran Khan:Satisfya,0,,
127,2020-10-16 04:59,Imran Khan,Satisfya,93128,Imran Khan:Satisfya,0,,
128,2020-10-16 05:04,Ammy Virk,Main Suneya,248590,Ammy Virk:Main Suneya,0,,
129,2020-10-16 05:07,Ammy Virk,Tod Da E Dil,157058,Ammy Virk:Tod Da E Dil,0,,
130,2020-10-16 05:10,Jasmine Sandlas,"Illegal Weapon 2.0 (From ""Street Dancer 3D"")",188593,"Jasmine Sandlas:Illegal Weapon 2.0 (From ""Street Dancer 3D"")",0,,
131,2020-10-16 05:11,Akull,Laal Bindi,57046,Akull:Laal Bindi,0,,
132,2020-10-17 17:58,Raja Hasan,Fakeera,71,Raja Hasan:Fakeera,0,,
133,2020-10-17 18:02,Sukhwinder Singh,Saugandh Mujhe Iss Mitti Ki,182533,Sukhwinder Singh:Saugandh Mujhe Iss Mitti Ki,0,,
134,2020-10-17 18:05,Raja Hasan,Fakeera,214600,Raja Hasan:Fakeera,0,,
135,2020-10-17 18:06,Shivam Pathak,Khalibali,67265,Shivam Pathak:Khalibali,0,,
136,2020-10-18 16:34,Ammy Virk,Main Suneya,243292,Ammy Virk:Main Suneya,0,,
137,2020-10-18 16:35,Ankit Tiwari,Tum Se Hi,46930,Ankit Tiwari:Tum Se Hi,0,,
138,2020-10-18 16:39,Payal Dev,"Tum Hi Aana (From ""Marjaavaan"")",249105,"Payal Dev:Tum Hi Aana (From ""Marjaavaan"")",0,,
139,2020-10-18 16:43,Arijit Singh,Tujhe Kitna Chahne Lage,805,Arijit Singh:Tujhe Kitna Chahne Lage,0,,
140,2020-10-18 16:43,Abhijeet Srivastava,"Chashni (From ""Bharat"")",892,"Abhijeet Srivastava:Chashni (From ""Bharat"")",0,,
141,2020-10-18 16:43,Arijit Singh,Ve Maahi,223981,Arijit Singh:Ve Maahi,0,,
142,2020-10-18 16:43,Rochak Kohli,Tera Yaar Hoon Main,2799,Rochak Kohli:Tera Yaar Hoon Main,0,,
143,2020-10-18 16:43,Akhil,"Duniyaa (From ""Luka Chuppi"")",280,"Akhil:Duniyaa (From ""Luka Chuppi"")",0,,
144,2020-10-18 16:43,Amit Trivedi,Naina Da Kya Kasoor,1710,Amit Trivedi:Naina Da Kya Kasoor,0,,
145,2020-10-18 16:43,Badshah,"Sheher Ki Ladki (From ""Khandaani Shafakhana"")",1326,"Badshah:Sheher Ki Ladki (From ""Khandaani Shafakhana"")",0,,
146,2020-10-18 16:43,Neha Kakkar,Dilbar,1544,Neha Kakkar:Dilbar,0,,
147,2020-10-18 16:43,Ranveer Singh,Apna Time Aayega,1131,Ranveer Singh:Apna Time Aayega,0,,
148,2020-10-18 16:44,Arko,Nazm Nazm,1638,Arko:Nazm Nazm,0,,
149,2020-10-18 16:44,Arijit Singh,Kalank (Title Track),1211,Arijit Singh:Kalank (Title Track),0,,
150,2020-10-18 16:44,Meet Bros.,Aa Toh Sahi,991,Meet Bros.:Aa Toh Sahi,0,,
151,2020-10-18 16:44,Pritam,"Haan Main Galat (From ""Love Aaj Kal"")",1573,"Pritam:Haan Main Galat (From ""Love Aaj Kal"")",0,,
152,2020-10-18 16:44,Garry Sandhu,"Hauli Hauli (From ""De De Pyaar De"")",2314,"Garry Sandhu:Hauli Hauli (From ""De De Pyaar De"")",0,,
153,2020-10-18 16:44,A.R. Rahman,Dil Bechara,1130,A.R. Rahman:Dil Bechara,0,,
154,2020-10-18 16:44,Vishal-Shekhar,The Jawaani Song,912,Vishal-Shekhar:The Jawaani Song,0,,
155,2020-10-18 16:44,Vishal-Shekhar,The Jawaani Song,2947,Vishal-Shekhar:The Jawaani Song,0,,
156,2020-10-18 16:44,Arijit Singh,"Ghungroo (From ""War"")",1436,"Arijit Singh:Ghungroo (From ""War"")",0,,
157,2020-10-18 16:44,Ankit Tiwari,Tum Se Hi,1212,Ankit Tiwari:Tum Se Hi,0,,
158,2020-10-18 16:44,Rochak Kohli,Dekhte Dekhte,2445,Rochak Kohli:Dekhte Dekhte,0,,
159,2020-10-18 16:44,Neha Kakkar,Aankh Marey,410,Neha Kakkar:Aankh Marey,0,,
160,2020-10-18 16:44,Neha Kakkar,Aankh Marey,2543,Neha Kakkar:Aankh Marey,0,,
161,2020-10-18 16:44,Nusrat Fateh Ali Khan,Mere Rashke Qamar,6129,Nusrat Fateh Ali Khan:Mere Rashke Qamar,0,,
162,2020-10-18 16:46,A.R. Rahman,Taare Ginn,1097,A.R. Rahman:Taare Ginn,0,,
163,2020-10-18 16:46,Sachet Tandon,"Humraah (From ""Malang - Unleash The Madness"")",56404,"Sachet Tandon:Humraah (From ""Malang - Unleash The Madness"")",0,,
164,2020-10-18 16:47,A.R. Rahman,Khulke Jeene Ka,1213,A.R. Rahman:Khulke Jeene Ka,0,,
165,2020-10-18 16:47,Ayushmann Khurrana,Mere Liye Tum Kaafi Ho,13473,Ayushmann Khurrana:Mere Liye Tum Kaafi Ho,0,,
166,2020-10-18 16:48,Pritam,Woh Din,25274,Pritam:Woh Din,0,,
167,2020-10-18 16:48,Vishal Mishra,Kaise Hua,6787,Vishal Mishra:Kaise Hua,0,,
168,2020-10-18 16:48,Pritam,Aur Tanha,1977,Pritam:Aur Tanha,0,,
169,2020-10-18 16:51,Pritam,Cutiepie,211490,Pritam:Cutiepie,0,,
170,2020-10-18 16:52,Arijit Singh,Pal Pal Dil Ke Paas- Title Track,1889,Arijit Singh:Pal Pal Dil Ke Paas- Title Track,0,,
171,2020-10-18 16:52,QARAN,Tareefan,5868,QARAN:Tareefan,0,,
172,2020-10-18 16:52,Romy,"Pyaar Tenu Karda Gabru (From ""Shubh Mangal Zyada Saavdhan"")",12739,"Romy:Pyaar Tenu Karda Gabru (From ""Shubh Mangal Zyada Saavdhan"")",0,,
173,2020-10-18 16:52,Ved Sharma,"Malang (Title Track) [From ""Malang - Unleash The Madness""]",10933,"Ved Sharma:Malang (Title Track) [From ""Malang - Unleash The Madness""]",0,,
174,2020-10-18 16:52,Sachet Tandon,"Psycho Saiyaan (From ""Saaho"")",1473,"Sachet Tandon:Psycho Saiyaan (From ""Saaho"")",0,,
175,2020-10-18 16:52,Tony Kakkar,"Dheeme Dheeme (From ""Pati Patni Aur Woh"")",1430,"Tony Kakkar:Dheeme Dheeme (From ""Pati Patni Aur Woh"")",0,,
176,2020-10-18 16:52,Pritam,Shayad,523,Pritam:Shayad,0,,
177,2020-10-18 16:53,Sohail Sen,"Shaitan Ka Saala (From ""Housefull 4"")",14803,"Sohail Sen:Shaitan Ka Saala (From ""Housefull 4"")",0,,
178,2020-10-18 16:53,Sachin-Jigar,"Odhani (From ""Made in China"")",1608,"Sachin-Jigar:Odhani (From ""Made in China"")",0,,
179,2020-10-18 16:53,B Praak,"Naah Goriye (From ""Bala"")",4066,"B Praak:Naah Goriye (From ""Bala"")",0,,
180,2020-10-18 16:53,Jasmine Sandlas,"Illegal Weapon 2.0 (From ""Street Dancer 3D"")",38866,"Jasmine Sandlas:Illegal Weapon 2.0 (From ""Street Dancer 3D"")",0,,
181,2020-10-18 16:53,Neha Kakkar,"O Saki Saki (From ""Batla House"")",258,"Neha Kakkar:O Saki Saki (From ""Batla House"")",0,,
182,2020-10-18 16:53,Jasbir Jassi,"Koka (From ""Khandaani Shafakhana"")",676,"Jasbir Jassi:Koka (From ""Khandaani Shafakhana"")",0,,
183,2020-10-18 16:53,Badshah,"Garmi (From ""Street Dancer 3D"") (feat. Varun Dhawan)",9452,"Badshah:Garmi (From ""Street Dancer 3D"") (feat. Varun Dhawan)",0,,
184,2020-10-18 16:53,Yash Narvekar,"Muqabla (From ""Street Dancer 3D"")",1171,"Yash Narvekar:Muqabla (From ""Street Dancer 3D"")",0,,
185,2020-10-18 16:54,Neha Kakkar,"Ek Toh Kum Zindagani (From ""Marjaavaan"")",1746,"Neha Kakkar:Ek Toh Kum Zindagani (From ""Marjaavaan"")",0,,
186,2020-10-18 16:57,Arijit Singh,Ve Maahi,560,Arijit Singh:Ve Maahi,0,,
187,2020-10-18 16:57,Sachin-Jigar,"Don't Be Shy Again (From ""Bala"")",1544,"Sachin-Jigar:Don't Be Shy Again (From ""Bala"")",0,,
188,2020-10-18 16:57,Payal Dev,"Tum Hi Aana (From ""Marjaavaan"")",1598,"Payal Dev:Tum Hi Aana (From ""Marjaavaan"")",0,,
189,2020-10-18 16:57,Sohail Sen,"Ek Chumma (From ""Housefull 4"")",226543,"Sohail Sen:Ek Chumma (From ""Housefull 4"")",0,,
190,2020-10-18 16:57,Navv Inder,The Wakhra Song,1743,Navv Inder:The Wakhra Song,0,,
191,2021-05-17 17:39,Surf Mesa,ily (i love you baby) (feat. Emilee),51480,Surf Mesa:ily (i love you baby) (feat. Emilee),1,ily (i love you baby) (feat. Emilee),62aP9fBQKYKxi7PDXwcUAS
192,2021-05-17 17:39,Sukhwinder Singh,Saugandh Mujhe Iss Mitti Ki,10180,Sukhwinder Singh:Saugandh Mujhe Iss Mitti Ki,0,,
193,2021-05-17 17:40,NF,Paralyzed,30220,NF:Paralyzed,0,,
194,2021-05-17 17:40,Sukhwinder Singh,Saugandh Mujhe Iss Mitti Ki,30960,Sukhwinder Singh:Saugandh Mujhe Iss Mitti Ki,0,,
195,2021-05-17 17:40,Charlie Puth,We Don't Talk Anymore (feat. Selena Gomez),2770,Charlie Puth:We Don't Talk Anymore (feat. Selena Gomez),0,,
196,2021-05-17 17:42,James Arthur,Naked,80180,James Arthur:Naked,0,,
197,2021-05-17 17:44,benny blanco,"I Can’t Get Enough (benny blanco, Selena Gomez, J Balvin, Tainy)",158027,"benny blanco:I Can’t Get Enough (benny blanco, Selena Gomez, J Balvin, Tainy)",0,,
198,2021-05-17 17:47,SAINt JHN,Roses - Imanbek Remix,176840,SAINt JHN:Roses - Imanbek Remix,0,,
199,2021-05-17 17:48,Oscar Stembridge,Where Are You Now?,43861,Oscar Stembridge:Where Are You Now?,0,,
200,2021-05-18 18:20,Oscar Stembridge,Where Are You Now?,61220,Oscar Stembridge:Where Are You Now?,0,,
201,2021-05-18 18:24,The Weeknd,Save Your Tears,188690,The Weeknd:Save Your Tears,0,,
202,2021-05-18 18:25,The Weeknd,Alone Again,79720,The Weeknd:Alone Again,0,,
203,2021-05-18 18:25,The Weeknd,Too Late,3350,The Weeknd:Too Late,0,,
204,2021-05-18 18:25,The Weeknd,Hardest To Love,8900,The Weeknd:Hardest To Love,0,,
205,2021-05-18 18:25,The Weeknd,Scared To Live,6660,The Weeknd:Scared To Live,0,,
206,2021-05-18 18:27,The Weeknd,Snowchild,91630,The Weeknd:Snowchild,0,,
207,2021-05-18 18:28,Ritviz,Sage,47070,Ritviz:Sage,0,,
208,2021-05-19 03:23,Ritviz,Sage,183379,Ritviz:Sage,0,,
209,2021-05-19 03:24,Raghav Chaitanya,Baatein,450,Raghav Chaitanya:Baatein,0,,
210,2021-05-19 03:24,Dream Note,Khidkiyan,1270,Dream Note:Khidkiyan,0,,
211,2021-05-19 03:24,When Chai Met Toast,Run Closer,720,When Chai Met Toast:Run Closer,0,,
212,2021-05-19 03:24,Deepak Rathore Project,Ja Tujhko,960,Deepak Rathore Project:Ja Tujhko,0,,
213,2021-05-19 03:24,The Local Train,Dil Mere,15909,The Local Train:Dil Mere,0,,
214,2021-05-19 03:24,Raghav Meattle,City Life,640,Raghav Meattle:City Life,0,,
215,2021-05-19 03:24,Anuv Jain,Alag Aasmaan,1070,Anuv Jain:Alag Aasmaan,0,,
216,2021-05-19 03:24,The Local Train,Aaftaab,1800,The Local Train:Aaftaab,0,,
217,2021-05-19 03:24,Osho Jain,Khud Se,540,Osho Jain:Khud Se,0,,
218,2021-05-19 03:24,Prateek Kuhad,Tune Kaha,650,Prateek Kuhad:Tune Kaha,0,,
219,2021-05-19 03:24,Ritviz,Chalo Chalein,1900,Ritviz:Chalo Chalein,0,,
220,2021-05-19 03:36,Dhruv Visvanath,Dear Madeline,100020,Dhruv Visvanath:Dear Madeline,0,,
221,2021-05-20 17:14,The Weeknd,Blinding Lights,200045,The Weeknd:Blinding Lights,0,,
222,2021-05-20 17:14,Taylor Swift,cardigan,16414,Taylor Swift:cardigan,0,,
223,2021-05-20 17:15,Jawsh 685,Savage Love (Laxed - Siren Beat),63430,Jawsh 685:Savage Love (Laxed - Siren Beat),0,,
224,2021-05-20 17:15,Surf Mesa,ily (i love you baby) (feat. Emilee),23850,Surf Mesa:ily (i love you baby) (feat. Emilee),1,ily (i love you baby) (feat. Emilee),62aP9fBQKYKxi7PDXwcUAS
225,2021-05-20 17:18,benny blanco,"I Can’t Get Enough (benny blanco, Selena Gomez, J Balvin, Tainy)",158027,"benny blanco:I Can’t Get Enough (benny blanco, Selena Gomez, J Balvin, Tainy)",0,,
226,2021-05-20 17:20,SAINt JHN,Roses - Imanbek Remix,120792,SAINt JHN:Roses - Imanbek Remix,0,,
227,2021-05-20 17:23,SHAED,Trampoline (with ZAYN),184280,SHAED:Trampoline (with ZAYN),0,,
228,2021-05-20 17:23,Selena Gomez,Rare,9930,Selena Gomez:Rare,0,,
229,2021-05-20 17:26,Camila Cabello,My Oh My (feat. DaBaby),170746,Camila Cabello:My Oh My (feat. DaBaby),0,,
230,2021-05-20 17:27,BLACKPINK,How You Like That,28543,BLACKPINK:How You Like That,0,,
231,2021-05-20 17:30,DHARIA,Sugar & Brownies,197836,DHARIA:Sugar & Brownies,0,,
232,2021-05-20 17:34,Taylor Swift,cardigan,239560,Taylor Swift:cardigan,0,,
233,2021-05-20 17:39,Halsey,Without Me,201653,Halsey:Without Me,1,Without Me,5p7ujcrUXASCNwRaWNHR1C
234,2021-05-20 17:42,Imagine Dragons,Thunder,187146,Imagine Dragons:Thunder,1,Evolve,1zB4vmk8tFRmM9UULNzbLB
235,2021-05-20 17:46,Gabby Barrett,I Hope - feat. Charlie Puth,209763,Gabby Barrett:I Hope - feat. Charlie Puth,0,,
236,2021-05-20 17:49,Post Malone,Goodbyes (feat. Young Thug),174853,Post Malone:Goodbyes (feat. Young Thug),0,,
237,2021-05-20 17:52,Conan Gray,Heather,198040,Conan Gray:Heather,0,,
238,2021-05-20 17:55,Alan Walker,"Alone, Pt. II",179052,"Alan Walker:Alone, Pt. II",1,"Alone, Pt. II",0bMbDctzMmTyK2j74j3nF3
239,2021-05-20 17:57,R3HAB,Bésame (I Need You) (with TINI & Reik),136200,R3HAB:Bésame (I Need You) (with TINI & Reik),0,,
240,2021-05-20 17:57,Imagine Dragons,Believer,0,Imagine Dragons:Believer,1,Evolve,0pqnGHJpmpxLKifKRmU6WP
241,2021-05-20 18:01,Halsey,Without Me,201660,Halsey:Without Me,1,Without Me,5p7ujcrUXASCNwRaWNHR1C
242,2021-05-20 18:04,Imagine Dragons,Thunder,6530,Imagine Dragons:Thunder,1,Evolve,1zB4vmk8tFRmM9UULNzbLB
243,2021-05-20 18:04,Imagine Dragons,Thunder,169469,Imagine Dragons:Thunder,1,Evolve,1zB4vmk8tFRmM9UULNzbLB
244,2021-05-20 18:05,Imagine Dragons,Bad Liar,27380,Imagine Dragons:Bad Liar,1,Origins,2RSHsoi04658QL5xgQVov3
245,2021-05-21 13:19,Imagine Dragons,Bad Liar,295510,Imagine Dragons:Bad Liar,1,Origins,2RSHsoi04658QL5xgQVov3
246,2021-05-21 13:22,Lady Gaga,Shallow,215733,Lady Gaga:Shallow,0,,
247,2021-05-21 13:32,Lady Gaga,Shallow,415562,Lady Gaga:Shallow,0,,
248,2021-05-21 13:32,Maroon 5,Memories,2487,Maroon 5:Memories,0,,
249,2021-05-21 13:44,Surf Mesa,ily (i love you baby) (feat. Emilee),176546,Surf Mesa:ily (i love you baby) (feat. Emilee),1,ily (i love you baby) (feat. Emilee),62aP9fBQKYKxi7PDXwcUAS
250,2021-05-21 13:46,MOTi,Friday (feat. JGUAR),49523,MOTi:Friday (feat. JGUAR),0,,
251,2021-05-22 20:24,Imagine Dragons,Bad Liar,260773,Imagine Dragons:Bad Liar,1,Origins,2RSHsoi04658QL5xgQVov3
252,2021-05-22 20:24,Imagine Dragons,Natural,17306,Imagine Dragons:Natural,0,,
253,2021-05-22 20:27,Maroon 5,Sugar,40080,Maroon 5:Sugar,0,,
254,2021-05-22 20:27,Imagine Dragons,Believer,138600,Imagine Dragons:Believer,1,Evolve,0pqnGHJpmpxLKifKRmU6WP
255,2021-05-22 20:30,Powfu,death bed (coffee for your head),152390,Powfu:death bed (coffee for your head),0,,
256,2021-05-22 20:32,Lady Gaga,Shallow,130340,Lady Gaga:Shallow,0,,
257,2021-05-22 20:34,Halsey,Without Me,138820,Halsey:Without Me,1,Without Me,5p7ujcrUXASCNwRaWNHR1C
258,2021-05-22 20:35,Alan Walker,Darkside,16700,Alan Walker:Darkside,0,,
259,2021-05-22 20:35,Lady Gaga,Applause,20040,Lady Gaga:Applause,0,,
260,2021-05-22 20:38,Alan Walker,"Alone, Pt. II",6780,"Alan Walker:Alone, Pt. II",1,"Alone, Pt. II",0bMbDctzMmTyK2j74j3nF3
261,2021-05-22 20:38,SHAED,Trampoline (with ZAYN),163780,SHAED:Trampoline (with ZAYN),0,,
262,2021-05-22 20:42,Halsey,Without Me,2000,Halsey:Without Me,1,Without Me,5p7ujcrUXASCNwRaWNHR1C
263,2021-05-22 20:42,Taylor Swift,Shake It Off,219200,Taylor Swift:Shake It Off,0,,
264,2021-05-22 20:44,Halsey,Still Learning,152320,Halsey:Still Learning,0,,
265,2021-05-22 20:45,R3HAB,Close To You (with Andy Grammer),8250,R3HAB:Close To You (with Andy Grammer),0,,
266,2021-05-22 20:45,Tungevaag,Knockout,37420,Tungevaag:Knockout,0,,
267,2021-05-22 20:45,Alan Walker,Lost Control,8610,Alan Walker:Lost Control,0,,
268,2021-05-22 20:45,Taylor Swift,willow,11420,Taylor Swift:willow,0,,
269,2021-05-22 20:45,Claire Rosinkranz,Backyard Boy,5160,Claire Rosinkranz:Backyard Boy,0,,
270,2021-05-22 20:46,Ariana Grande,breathin,18410,Ariana Grande:breathin,0,,
271,2021-05-22 20:49,Camila Cabello,Liar,207038,Camila Cabello:Liar,0,,
272,2021-05-22 20:49,Taylor Swift,You Belong With Me (Taylor’s Version),17201,Taylor Swift:You Belong With Me (Taylor’s Version),0,,
273,2021-05-24 04:30,Taylor Swift,You Belong With Me (Taylor’s Version),12030,Taylor Swift:You Belong With Me (Taylor’s Version),0,,
274,2021-05-24 04:37,Lil Nas X,MONTERO (Call Me By Your Name),77500,Lil Nas X:MONTERO (Call Me By Your Name),0,,
275,2021-05-24 04:47,David Guetta,Titanium,139800,David Guetta:Titanium,0,,
276,2021-05-24 04:50,Imagine Dragons,Radioactive,186813,Imagine Dragons:Radioactive,1,Night Visions,62yJjFtgkhUrXktIoSjgP2
277,2021-05-24 04:52,Taylor Swift,Death By A Thousand Cuts - Live From Paris,149516,Taylor Swift:Death By A Thousand Cuts - Live From Paris,0,,
278,2021-05-24 10:04,Imagine Dragons,Bad Liar,8730,Imagine Dragons:Bad Liar,1,Origins,2RSHsoi04658QL5xgQVov3
279,2021-05-24 19:54,Imagine Dragons,Bad Liar,780,Imagine Dragons:Bad Liar,1,Origins,2RSHsoi04658QL5xgQVov3
280,2021-05-24 19:59,Imagine Dragons,Thunder,6830,Imagine Dragons:Thunder,1,Evolve,1zB4vmk8tFRmM9UULNzbLB
281,2021-05-24 19:59,Imagine Dragons,Bad Liar,300840,Imagine Dragons:Bad Liar,1,Origins,2RSHsoi04658QL5xgQVov3
282,2021-05-24 20:00,Imagine Dragons,Believer,1870,Imagine Dragons:Believer,1,Evolve,0pqnGHJpmpxLKifKRmU6WP
283,2021-05-24 20:00,Imagine Dragons,Believer,0,Imagine Dragons:Believer,1,Evolve,0pqnGHJpmpxLKifKRmU6WP
284,2021-05-24 20:02,Imagine Dragons,Thunder,148120,Imagine Dragons:Thunder,1,Evolve,1zB4vmk8tFRmM9UULNzbLB
285,2021-05-24 20:06,Imagine Dragons,Radioactive,196311,Imagine Dragons:Radioactive,1,Night Visions,62yJjFtgkhUrXktIoSjgP2
286,2021-05-24 21:06,Conan Gray,Overdrive,24978,Conan Gray:Overdrive,0,,
287,2021-05-26 10:37,Taylor Swift,closure,23040,Taylor Swift:closure,0,,
288,2021-05-26 10:37,Conan Gray,Overdrive,3490,Conan Gray:Overdrive,0,,
289,2021-05-26 10:43,Imagine Dragons,Radioactive,186813,Imagine Dragons:Radioactive,1,Night Visions,62yJjFtgkhUrXktIoSjgP2
290,2021-05-26 11:49,R3HAB,All Around the World (La La La),24850,R3HAB:All Around the World (La La La),0,,
291,2021-05-26 11:49,Trevor Daniel,Falling,0,Trevor Daniel:Falling,0,,
292,2021-05-26 11:49,Jonas Brothers,Sucker,0,Jonas Brothers:Sucker,0,,
293,2021-05-26 11:49,Mabel,Don't Call Me Up,2730,Mabel:Don't Call Me Up,0,,
294,2021-05-26 12:38,Imagine Dragons,Radioactive,188203,Imagine Dragons:Radioactive,1,Night Visions,62yJjFtgkhUrXktIoSjgP2
295,2021-05-26 12:42,Alan Walker,"Alone, Pt. II",6820,"Alan Walker:Alone, Pt. II",1,"Alone, Pt. II",0bMbDctzMmTyK2j74j3nF3
296,2021-05-26 12:42,Maroon 5,Girls Like You (feat. Cardi B) - Cardi B Version,196770,Maroon 5:Girls Like You (feat. Cardi B) - Cardi B Version,1,Red Pill Blues,7fa9MBXhVfQ8P8Df9OEbD8
297,2021-05-26 12:42,The Weeknd,Blinding Lights,16470,The Weeknd:Blinding Lights,0,,
298,2021-05-26 12:45,The Weeknd,Save Your Tears,71600,The Weeknd:Save Your Tears,0,,
299,2021-05-27 10:58,Imagine Dragons,Believer,89480,Imagine Dragons:Believer,1,Evolve,0pqnGHJpmpxLKifKRmU6WP
300,2021-05-27 11:03,Imagine Dragons,Bad Liar,260773,Imagine Dragons:Bad Liar,1,Origins,2RSHsoi04658QL5xgQVov3
301,2021-05-27 11:04,Maroon 5,Best 4 U,17000,Maroon 5:Best 4 U,0,,
302,2021-05-27 11:04,Imagine Dragons,Natural,72866,Imagine Dragons:Natural,0,,
303,2021-05-27 11:07,Maroon 5,Girls Like You (feat. Cardi B) - Cardi B Version,138275,Maroon 5:Girls Like You (feat. Cardi B) - Cardi B Version,1,Red Pill Blues,7fa9MBXhVfQ8P8Df9OEbD8
304,2021-05-27 11:10,Imagine Dragons,Radioactive,139200,Imagine Dragons:Radioactive,1,Night Visions,62yJjFtgkhUrXktIoSjgP2
305,2021-05-28 15:26,Anirudh Ravichander,Vaathi Coming,228257,Anirudh Ravichander:Vaathi Coming,0,,
306,2021-05-28 16:43,Anirudh Ravichander,Andha Kanna Paathaakaa,138382,Anirudh Ravichander:Andha Kanna Paathaakaa,0,,
307,2021-05-28 16:56,Anirudh Ravichander,Vaathi Coming,176520,Anirudh Ravichander:Vaathi Coming,0,,
308,2021-06-01 12:25,Anirudh Ravichander,Vaathi Coming,51995,Anirudh Ravichander:Vaathi Coming,0,,
309,2021-06-01 12:26,Anirudh Ravichander,Kutti Story,26624,Anirudh Ravichander:Kutti Story,0,,
310,2021-06-01 12:29,Imagine Dragons,Believer,204346,Imagine Dragons:Believer,1,Evolve,0pqnGHJpmpxLKifKRmU6WP
311,2021-06-01 12:32,Imagine Dragons,Follow You,175643,Imagine Dragons:Follow You,0,,
312,2021-06-01 12:35,Imagine Dragons,Thunder,187146,Imagine Dragons:Thunder,1,Evolve,1zB4vmk8tFRmM9UULNzbLB
313,2021-06-01 12:38,Imagine Dragons,Natural,189466,Imagine Dragons:Natural,0,,
314,2021-06-01 12:43,Imagine Dragons,Bad Liar,260773,Imagine Dragons:Bad Liar,1,Origins,2RSHsoi04658QL5xgQVov3
315,2021-06-01 14:16,Imagine Dragons,Demons,91449,Imagine Dragons:Demons,0,,
316,2021-06-06 12:19,Imagine Dragons,Radioactive,186813,Imagine Dragons:Radioactive,1,Night Visions,62yJjFtgkhUrXktIoSjgP2
317,2021-06-06 12:23,Maroon 5,Animals,231013,Maroon 5:Animals,1,V,3h4T9Bg8OVSUYa6danHeH5
318,2021-06-06 12:24,Avicii,Hey Brother,82993,Avicii:Hey Brother,0,,
319,2021-06-06 12:24,Jason Derulo,Lifestyle (feat. Adam Levine),2660,Jason Derulo:Lifestyle (feat. Adam Levine),0,,
320,2021-06-06 12:24,Robin Schulz,Speechless (feat. Erika Sirola),20280,Robin Schulz:Speechless (feat. Erika Sirola),0,,
321,2021-06-06 12:25,Imagine Dragons,Believer,1640,Imagine Dragons:Believer,1,Evolve,0pqnGHJpmpxLKifKRmU6WP
322,2021-06-06 12:28,Martin Garrix,We Are The People (feat. Bono & The Edge) - Official UEFA EURO 2020 Song,217000,Martin Garrix:We Are The People (feat. Bono & The Edge) - Official UEFA EURO 2020 Song,0,,
323,2021-06-06 12:28,Maroon 5,Memories,11040,Maroon 5:Memories,0,,
324,2021-06-06 17:55,Maroon 5,Memories,178691,Maroon 5:Memories,0,,
325,2021-06-06 17:57,Shawn Mendes,If I Can't Have You,120868,Shawn Mendes:If I Can't Have You,0,,
326,2021-06-06 18:00,Maroon 5,This Love,3140,Maroon 5:This Love,0,,
327,2021-06-06 18:00,Imagine Dragons,Machine,156910,Imagine Dragons:Machine,0,,
328,2021-06-06 18:03,Sia,1+1,16363,Sia:1+1,0,,
329,2021-06-06 18:03,Imagine Dragons,Thunder,187146,Imagine Dragons:Thunder,1,Evolve,1zB4vmk8tFRmM9UULNzbLB
330,2021-06-07 08:32,Maroon 5,Girls Like You (feat. Cardi B) - Cardi B Version,235545,Maroon 5:Girls Like You (feat. Cardi B) - Cardi B Version,1,Red Pill Blues,7fa9MBXhVfQ8P8Df9OEbD8
331,2021-06-07 16:04,Lil Wayne,"Sucker for Pain (with Wiz Khalifa, Imagine Dragons, Logic & Ty Dolla $ign feat. X Ambassadors)",15124,"Lil Wayne:Sucker for Pain (with Wiz Khalifa, Imagine Dragons, Logic & Ty Dolla $ign feat. X Ambassadors)",0,,
332,2021-06-08 11:08,Lil Wayne,"Sucker for Pain (with Wiz Khalifa, Imagine Dragons, Logic & Ty Dolla $ign feat. X Ambassadors)",206590,"Lil Wayne:Sucker for Pain (with Wiz Khalifa, Imagine Dragons, Logic & Ty Dolla $ign feat. X Ambassadors)",0,,
333,2021-06-08 11:08,"Think Fast, Talk Smart: Communication Techniques.","Introducing Think Fast, Talk Smart: The Podcast",0,"Think Fast, Talk Smart: Communication Techniques.:Introducing Think Fast, Talk Smart: The Podcast",0,,
334,2021-06-08 12:00,"Think Fast, Talk Smart: Communication Techniques.",How We Gain — Or Give Away — Authority While Speaking,225410,"Think Fast, Talk Smart: Communication Techniques.:How We Gain — Or Give Away — Authority While Speaking",0,,
335,2021-06-08 13:34,Ritviz,Liggi,156310,Ritviz:Liggi,0,,
336,2021-06-13 10:36,Imagine Dragons,Walking The Wire,177800,Imagine Dragons:Walking The Wire,0,,
337,2021-06-13 10:46,Maroon 5,Animals,231013,Maroon 5:Animals,1,V,3h4T9Bg8OVSUYa6danHeH5
338,2021-06-13 10:46,Imagine Dragons,"Zero - From the Original Motion Picture ""Ralph Breaks The Internet""",20296,"Imagine Dragons:Zero - From the Original Motion Picture ""Ralph Breaks The Internet""",0,,
339,2021-06-13 10:49,Marshmello,FRIENDS,159510,Marshmello:FRIENDS,0,,
340,2021-06-13 11:40,Axwell /\ Ingrosso,More Than You Know,203000,Axwell /\ Ingrosso:More Than You Know,0,,
341,2021-06-13 11:43,Imagine Dragons,Machine,181880,Imagine Dragons:Machine,0,,
342,2021-06-13 11:43,Maroon 5,Girls Like You (feat. Cardi B) - Cardi B Version,25100,Maroon 5:Girls Like You (feat. Cardi B) - Cardi B Version,1,Red Pill Blues,7fa9MBXhVfQ8P8Df9OEbD8
343,2021-06-14 16:06,Maroon 5,Girls Like You (feat. Cardi B) - Cardi B Version,210710,Maroon 5:Girls Like You (feat. Cardi B) - Cardi B Version,1,Red Pill Blues,7fa9MBXhVfQ8P8Df9OEbD8
344,2021-06-14 16:10,Shawn Mendes,Señorita,1865,Shawn Mendes:Señorita,0,,
345,2021-06-14 16:10,Halsey,Without Me,201660,Halsey:Without Me,1,Without Me,5p7ujcrUXASCNwRaWNHR1C
346,2021-06-14 16:11,Bazzi,Beautiful (feat. Camila Cabello),4710,Bazzi:Beautiful (feat. Camila Cabello),0,,
347,2021-06-14 16:11,Justin Bieber,Lonely (with benny blanco),22840,Justin Bieber:Lonely (with benny blanco),0,,
348,2021-06-14 16:12,SHAED,Trampoline (with ZAYN),96090,SHAED:Trampoline (with ZAYN),0,,
349,2021-06-14 16:14,Lady Gaga,Rain On Me (with Ariana Grande),117530,Lady Gaga:Rain On Me (with Ariana Grande),0,,
350,2021-06-14 16:16,Marshmello,Silence,100120,Marshmello:Silence,0,,
351,2021-06-14 16:18,Juice WRLD,Come & Go (with Marshmello),78580,Juice WRLD:Come & Go (with Marshmello),0,,
352,2021-06-14 16:21,DJ Snake,Turn Down for What,213717,DJ Snake:Turn Down for What,0,,
353,2021-06-14 16:36,DJ Snake,You Know You Like It,297615,DJ Snake:You Know You Like It,0,,
354,2021-06-14 16:39,DJ Snake,Selfish Love (with Selena Gomez) - Tiësto Remix,153442,DJ Snake:Selfish Love (with Selena Gomez) - Tiësto Remix,0,,
355,2021-06-14 16:42,DJ Snake,Selfish Love (with Selena Gomez) - Tiësto Remix,153442,DJ Snake:Selfish Love (with Selena Gomez) - Tiësto Remix,0,,
356,2021-06-14 16:58,DJ Snake,Selfish Love (with Selena Gomez) - Tiësto Remix,46431,DJ Snake:Selfish Love (with Selena Gomez) - Tiësto Remix,0,,
357,2021-06-15 11:50,DJ Snake,Selfish Love (with Selena Gomez) - Tiësto Remix,6350,DJ Snake:Selfish Love (with Selena Gomez) - Tiësto Remix,0,,
358,2021-06-15 11:51,DJ Snake,You Know You Like It,67890,DJ Snake:You Know You Like It,0,,
359,2021-06-15 11:55,Maroon 5,Animals,231013,Maroon 5:Animals,1,V,3h4T9Bg8OVSUYa6danHeH5
360,2021-06-16 17:25,Imagine Dragons,Natural,18130,Imagine Dragons:Natural,0,,
361,2021-06-16 17:28,Maroon 5,Lost,172597,Maroon 5:Lost,0,,
362,2021-06-16 17:29,Maroon 5,Beautiful Mistakes (feat. Megan Thee Stallion),83892,Maroon 5:Beautiful Mistakes (feat. Megan Thee Stallion),0,,
363,2021-06-18 04:10,DJ Snake,Selfish Love (with Selena Gomez),4520,DJ Snake:Selfish Love (with Selena Gomez),0,,
364,2021-06-18 04:10,Maroon 5,Beautiful Mistakes (feat. Megan Thee Stallion),18090,Maroon 5:Beautiful Mistakes (feat. Megan Thee Stallion),0,,
365,2021-06-18 04:10,DJ Snake,Selfish Love (with Selena Gomez) - Tiësto Remix,10010,DJ Snake:Selfish Love (with Selena Gomez) - Tiësto Remix,0,,
366,2021-06-18 04:11,DJ Snake,Middle,29700,DJ Snake:Middle,0,,
367,2021-06-18 04:15,Taylor Swift,the last great american dynasty,230999,Taylor Swift:the last great american dynasty,0,,
368,2021-06-18 04:18,Conan Gray,Maniac,185773,Conan Gray:Maniac,0,,
369,2021-06-18 04:22,Halsey,Without Me,201660,Halsey:Without Me,1,Without Me,5p7ujcrUXASCNwRaWNHR1C
370,2021-06-18 04:24,Conan Gray,Comfort Crowd,99391,Conan Gray:Comfort Crowd,0,,
371,2021-06-18 04:27,Selena Gomez,Lose You To Love Me,168410,Selena Gomez:Lose You To Love Me,1,Rare,4l0Mvzj72xxOpRrp6h8nHi
372,2021-06-18 11:12,Selena Gomez,Lose You To Love Me,198170,Selena Gomez:Lose You To Love Me,1,Rare,4l0Mvzj72xxOpRrp6h8nHi
373,2021-06-20 07:48,Maroon 5,This Love,9507,Maroon 5:This Love,0,,
374,2021-06-20 07:48,Selena Gomez,Lose You To Love Me,7502,Selena Gomez:Lose You To Love Me,1,Rare,4l0Mvzj72xxOpRrp6h8nHi
375,2021-06-20 07:49,R3HAB,Distant Memory (with Timmy Trumpet x W&W),53210,R3HAB:Distant Memory (with Timmy Trumpet x W&W),0,,
376,2021-06-20 07:53,Maroon 5,Animals,231013,Maroon 5:Animals,1,V,3h4T9Bg8OVSUYa6danHeH5
377,2021-06-20 07:54,Imagine Dragons,On Top Of The World,21016,Imagine Dragons:On Top Of The World,0,,
378,2021-06-20 09:41,MEDUZA,Lose Control,7500,MEDUZA:Lose Control,0,,
379,2021-06-20 09:44,The Weeknd,Blinding Lights,200045,The Weeknd:Blinding Lights,0,,
380,2021-06-20 09:45,Post Malone,Psycho (feat. Ty Dolla $ign),24824,Post Malone:Psycho (feat. Ty Dolla $ign),0,,
381,2021-06-20 09:46,Post Malone,Better Now,55870,Post Malone:Better Now,0,,
382,2021-06-21 07:49,Lil Wayne,Scared of the Dark (feat. XXXTENTACION),22630,Lil Wayne:Scared of the Dark (feat. XXXTENTACION),0,,
383,2021-06-21 07:52,The Weeknd,Blinding Lights,200040,The Weeknd:Blinding Lights,0,,
384,2021-06-21 07:57,Anirudh Ravichander,Vaathi Coming,228257,Anirudh Ravichander:Vaathi Coming,0,,
385,2021-06-21 07:58,Anirudh Ravichander,Andha Kanna Paathaakaa,71685,Anirudh Ravichander:Andha Kanna Paathaakaa,0,,
386,2021-06-23 13:04,Maroon 5,Payphone,4820,Maroon 5:Payphone,0,,
387,2021-06-23 13:08,Maroon 5,Remedy (feat. Stevie Nicks),38276,Maroon 5:Remedy (feat. Stevie Nicks),0,,
388,2021-06-23 13:08,Imagine Dragons,Radioactive,186813,Imagine Dragons:Radioactive,1,Night Visions,62yJjFtgkhUrXktIoSjgP2
389,2021-06-23 13:11,Imagine Dragons,Thunder,187146,Imagine Dragons:Thunder,1,Evolve,1zB4vmk8tFRmM9UULNzbLB
390,2021-06-23 13:15,Maroon 5,Maps,189960,Maroon 5:Maps,0,,
391,2021-06-23 13:16,blackbear,cheers (with Wiz Khalifa),72133,blackbear:cheers (with Wiz Khalifa),0,,
392,2021-06-23 13:19,Imagine Dragons,Believer,204346,Imagine Dragons:Believer,1,Evolve,0pqnGHJpmpxLKifKRmU6WP
393,2021-06-23 13:22,Maroon 5,Convince Me Otherwise (with H.E.R.),174013,Maroon 5:Convince Me Otherwise (with H.E.R.),0,,
394,2021-06-23 13:22,Tones And I,Cloudy Day,3260,Tones And I:Cloudy Day,0,,
395,2021-06-23 13:26,Imagine Dragons,Bad Liar,260773,Imagine Dragons:Bad Liar,1,Origins,2RSHsoi04658QL5xgQVov3
396,2021-06-23 13:43,Jonas Blue,Hear Me Say,72476,Jonas Blue:Hear Me Say,0,,
397,2021-06-28 15:37,Jonas Blue,Hear Me Say,13450,Jonas Blue:Hear Me Say,0,,
398,2021-06-28 15:41,Billie Eilish,lovely (with Khalid),200185,Billie Eilish:lovely (with Khalid),0,,
399,2021-06-28 15:43,Armaan Malik,Control,153355,Armaan Malik:Control,0,,
400,2021-06-28 15:47,Ellie Goulding,Hate Me,188066,Ellie Goulding:Hate Me,0,,
401,2021-06-28 15:50,Robin Hustin,Light It Up,185390,Robin Hustin:Light It Up,0,,
402,2021-06-28 15:53,Dua Lipa,Kiss and Make Up,190560,Dua Lipa:Kiss and Make Up,0,,
403,2021-06-28 15:56,Zedd,The Middle,184732,Zedd:The Middle,0,,
404,2021-06-28 16:00,Taylor Swift,Blank Space,231826,Taylor Swift:Blank Space,0,,
405,2021-06-28 16:03,Mattybraps,Monsters,176400,Mattybraps:Monsters,0,,
406,2021-06-28 16:07,Post Malone,Sunflower - Spider-Man: Into the Spider-Verse,157560,Post Malone:Sunflower - Spider-Man: Into the Spider-Verse,0,,
407,2021-06-28 16:11,Diamond Eyes,Everything,267428,Diamond Eyes:Everything,0,,
408,2021-06-28 16:50,Bahjat,Hometown Smile,214000,Bahjat:Hometown Smile,0,,
409,2021-06-28 16:53,David Guetta,Say My Name,198946,David Guetta:Say My Name,0,,
410,2021-06-28 16:56,Alex Goot,Let Me Down Slowly,167782,Alex Goot:Let Me Down Slowly,0,,
411,2021-06-28 16:59,K-391,End of Time,187560,K-391:End of Time,0,,
412,2021-06-28 17:03,Lewis Capaldi,Someone You Loved,182160,Lewis Capaldi:Someone You Loved,0,,
413,2021-06-28 17:06,Dhvani Bhanushali,Vaaste,196043,Dhvani Bhanushali:Vaaste,0,,
414,2021-06-28 17:10,Julius Dreisig,Invisible,201015,Julius Dreisig:Invisible,0,,
415,2021-06-28 17:14,Now United,Summer In The City,223455,Now United:Summer In The City,0,,
416,2021-06-28 17:16,HRVY,Million Ways,169887,HRVY:Million Ways,0,,
417,2021-06-28 17:19,Alissa Ava,Sweet But Psycho,185521,Alissa Ava:Sweet But Psycho,0,,
418,2021-06-28 17:23,Alissa Ava,Sweet But Psycho,185521,Alissa Ava:Sweet But Psycho,0,,
419,2021-06-28 17:26,Alissa Ava,Sweet But Psycho,185521,Alissa Ava:Sweet But Psycho,0,,
420,2021-06-28 17:29,Alissa Ava,Sweet But Psycho,185521,Alissa Ava:Sweet But Psycho,0,,
421,2021-06-28 17:32,Alissa Ava,Sweet But Psycho,185521,Alissa Ava:Sweet But Psycho,0,,
422,2021-06-28 17:35,Alissa Ava,Sweet But Psycho,185521,Alissa Ava:Sweet But Psycho,0,,
423,2021-06-28 17:38,Alissa Ava,Sweet But Psycho,185521,Alissa Ava:Sweet But Psycho,0,,
424,2021-06-28 17:41,Alissa Ava,Sweet But Psycho,185521,Alissa Ava:Sweet But Psycho,0,,
425,2021-06-28 17:44,Alissa Ava,Sweet But Psycho,185521,Alissa Ava:Sweet But Psycho,0,,
426,2021-06-28 17:47,Alissa Ava,Sweet But Psycho,185521,Alissa Ava:Sweet But Psycho,0,,
427,2021-06-28 17:52,BTS,Boy With Luv (feat. Halsey),229773,BTS:Boy With Luv (feat. Halsey),0,,
428,2021-06-28 17:56,Bruno Martini,Somebody That You Loved,215998,Bruno Martini:Somebody That You Loved,0,,
429,2021-06-28 17:59,Witt Lowry,Into Your Arms (feat. Ava Max),186022,Witt Lowry:Into Your Arms (feat. Ava Max),0,,
430,2021-06-28 18:02,Alex Benjamin,Let Me Down Slowly (Ibara Remix),166530,Alex Benjamin:Let Me Down Slowly (Ibara Remix),0,,
431,2021-06-28 18:05,Lvly,Red Lights,214833,Lvly:Red Lights,0,,
432,2021-06-28 18:08,Jawsh 685,Savage Love (Laxed – Siren Beat) [BTS Remix],184905,Jawsh 685:Savage Love (Laxed – Siren Beat) [BTS Remix],0,,
433,2021-06-28 18:12,Duncan Laurence,Arcade,185146,Duncan Laurence:Arcade,0,,
434,2021-06-28 18:16,Lost Sky,Where We Started,222005,Lost Sky:Where We Started,0,,
435,2021-06-28 18:18,24kGoldn,Mood (feat. iann dior),140533,24kGoldn:Mood (feat. iann dior),0,,
436,2021-06-28 18:25,Ajey Nagar (CarryMinati),Yalgaar,387769,Ajey Nagar (CarryMinati):Yalgaar,0,,
437,2021-06-28 18:43,"Think Fast, Talk Smart: Communication Techniques.",Leading From The Hot Seat: How To Communicate Under Pressure,1050020,"Think Fast, Talk Smart: Communication Techniques.:Leading From The Hot Seat: How To Communicate Under Pressure",0,,
438,2021-06-29 14:29,Maroon 5,Lost,4270,Maroon 5:Lost,0,,
439,2021-06-29 14:29,"Think Fast, Talk Smart: Communication Techniques.",Leading From The Hot Seat: How To Communicate Under Pressure,58130,"Think Fast, Talk Smart: Communication Techniques.:Leading From The Hot Seat: How To Communicate Under Pressure",0,,
440,2021-06-29 14:32,Imagine Dragons,Radioactive,186813,Imagine Dragons:Radioactive,1,Night Visions,62yJjFtgkhUrXktIoSjgP2
441,2021-06-29 14:34,Maroon 5,She Will Be Loved - Radio Mix,127016,Maroon 5:She Will Be Loved - Radio Mix,0,,
442,2021-06-29 16:05,L.L.A.M.A,Shake (with Ne-Yo & Carmen DeLeon),49250,L.L.A.M.A:Shake (with Ne-Yo & Carmen DeLeon),0,,
443,2021-06-30 07:46,Maroon 5,Animals,425242,Maroon 5:Animals,1,V,3h4T9Bg8OVSUYa6danHeH5
444,2021-06-30 07:47,Rudimental,"These Days (feat. Jess Glynne, Macklemore & Dan Caplen)",18227,"Rudimental:These Days (feat. Jess Glynne, Macklemore & Dan Caplen)",0,,
445,2021-06-30 07:50,Imagine Dragons,Radioactive,186813,Imagine Dragons:Radioactive,1,Night Visions,62yJjFtgkhUrXktIoSjgP2
446,2021-06-30 07:50,Skylar Grey,Everything I Need,17976,Skylar Grey:Everything I Need,0,,
447,2021-06-30 07:53,Alan Walker,Sorry,165000,Alan Walker:Sorry,0,,
448,2021-06-30 13:52,K-391,Aurora,5590,K-391:Aurora,0,,
449,2021-06-30 13:55,Alan Walker,Sorry,165000,Alan Walker:Sorry,0,,
450,2021-06-30 13:59,Serhat Durmus,Hislerim,214204,Serhat Durmus:Hislerim,1,Hislerim,32Mh7kOCWmNTZgre0cGvCV
451,2021-06-30 14:00,K-391,End of Time,965,K-391:End of Time,0,,
452,2021-06-30 14:03,Serhat Durmus,Hislerim,214204,Serhat Durmus:Hislerim,1,Hislerim,32Mh7kOCWmNTZgre0cGvCV
453,2021-06-30 14:06,K-391,End of Time,187560,K-391:End of Time,0,,
454,2021-06-30 14:09,Sandro Cavazza,Love To Lose,177731,Sandro Cavazza:Love To Lose,0,,
455,2021-06-30 14:12,League of Legends,Legends Never Die - (Remix),167173,League of Legends:Legends Never Die - (Remix),0,,
456,2021-06-30 14:15,Alan Walker,Different World (feat. CORSAK),202906,Alan Walker:Different World (feat. CORSAK),0,,
457,2021-06-30 14:19,TheFatRat,We'll Meet Again,195625,TheFatRat:We'll Meet Again,0,,
458,2021-06-30 14:22,Imagine Dragons,Follow You,175643,Imagine Dragons:Follow You,0,,
459,2021-06-30 14:25,VIZE,Space Melody (Edward Artemyev) (feat. Leony),180151,VIZE:Space Melody (Edward Artemyev) (feat. Leony),0,,
460,2021-06-30 14:28,Axel Johansson,Next To Me (feat. Tina Stachowiak),179500,Axel Johansson:Next To Me (feat. Tina Stachowiak),0,,
461,2021-06-30 14:31,Alan Walker,"Alone, Pt. II",179052,"Alan Walker:Alone, Pt. II",1,"Alone, Pt. II",0bMbDctzMmTyK2j74j3nF3
462,2021-06-30 14:34,Bebe Rexha,Sacrifice,160871,Bebe Rexha:Sacrifice,0,,
463,2021-06-30 14:38,ILLENIUM,Nightlight,222400,ILLENIUM:Nightlight,0,,
464,2021-06-30 14:41,Au/Ra,Dead Girl! (Shake My Head),194790,Au/Ra:Dead Girl! (Shake My Head),0,,
465,2021-06-30 14:44,LUM!X,Monster,154226,LUM!X:Monster,0,,
466,2021-06-30 14:47,Alan Walker,Sweet Dreams,138819,Alan Walker:Sweet Dreams,1,Sweet Dreams,4uDhts78RdwIDjEqPrYVKp
467,2021-06-30 14:51,Zedd,Funny,221465,Zedd:Funny,0,,
468,2021-06-30 14:53,Axel Johansson,One,164571,Axel Johansson:One,0,,
469,2021-06-30 14:57,ILLENIUM,Hearts on Fire,236317,ILLENIUM:Hearts on Fire,0,,
470,2021-06-30 15:00,Ruben,Dear God,179877,Ruben:Dear God,0,,
471,2021-06-30 15:03,Alan Walker,Time - Alan Walker Remix,150895,Alan Walker:Time - Alan Walker Remix,0,,
472,2021-06-30 15:05,Alan Walker,Time - Alan Walker Remix,150895,Alan Walker:Time - Alan Walker Remix,0,,
473,2021-06-30 15:08,Alan Walker,Time - Alan Walker Remix,150895,Alan Walker:Time - Alan Walker Remix,0,,
474,2021-06-30 15:11,Alan Walker,Time - Alan Walker Remix,150895,Alan Walker:Time - Alan Walker Remix,0,,
475,2021-06-30 15:13,Alan Walker,Time - Alan Walker Remix,150895,Alan Walker:Time - Alan Walker Remix,0,,
476,2021-06-30 15:16,Alan Walker,Time - Alan Walker Remix,150895,Alan Walker:Time - Alan Walker Remix,0,,
477,2021-06-30 15:18,Alan Walker,Time - Alan Walker Remix,150895,Alan Walker:Time - Alan Walker Remix,0,,
478,2021-06-30 15:21,Alan Walker,Time - Alan Walker Remix,150895,Alan Walker:Time - Alan Walker Remix,0,,
479,2021-06-30 15:23,Alan Walker,Time - Alan Walker Remix,150895,Alan Walker:Time - Alan Walker Remix,0,,
480,2021-06-30 15:26,Alan Walker,Time - Alan Walker Remix,150895,Alan Walker:Time - Alan Walker Remix,0,,
481,2021-06-30 15:28,Alan Walker,Time - Alan Walker Remix,150895,Alan Walker:Time - Alan Walker Remix,0,,
482,2021-06-30 15:31,Alan Walker,Time - Alan Walker Remix,150895,Alan Walker:Time - Alan Walker Remix,0,,
483,2021-06-30 18:56,Imagine Dragons,Bad Liar – Stripped,64570,Imagine Dragons:Bad Liar – Stripped,1,Bad Liar – Stripped,6hFi0gXP8KItwMqfBgf44b
484,2021-06-30 18:56,Maroon 5,Beautiful Mistakes (feat. Megan Thee Stallion),20120,Maroon 5:Beautiful Mistakes (feat. Megan Thee Stallion),0,,
485,2021-06-30 18:56,Serhat Durmus,Hislerim,7220,Serhat Durmus:Hislerim,1,Hislerim,32Mh7kOCWmNTZgre0cGvCV
486,2021-06-30 18:57,Surf Mesa,ily (i love you baby) (feat. Emilee),36170,Surf Mesa:ily (i love you baby) (feat. Emilee),1,ily (i love you baby) (feat. Emilee),62aP9fBQKYKxi7PDXwcUAS
487,2021-06-30 19:00,Imagine Dragons,Radioactive,186813,Imagine Dragons:Radioactive,1,Night Visions,62yJjFtgkhUrXktIoSjgP2
488,2021-06-30 19:01,Julius Dreisig,Can't Get Enough,8780,Julius Dreisig:Can't Get Enough,0,,
489,2021-06-30 19:01,benny blanco,"I Can’t Get Enough (benny blanco, Selena Gomez, J Balvin, Tainy)",13130,"benny blanco:I Can’t Get Enough (benny blanco, Selena Gomez, J Balvin, Tainy)",0,,
490,2021-06-30 19:01,R3HAB,Be Okay (with HRVY),12280,R3HAB:Be Okay (with HRVY),0,,
491,2021-06-30 19:01,Imagine Dragons,Bad Liar,19796,Imagine Dragons:Bad Liar,1,Origins,2RSHsoi04658QL5xgQVov3
492,2021-07-02 16:56,Lewis Capaldi,Someone You Loved,16000,Lewis Capaldi:Someone You Loved,0,,
493,2021-07-02 16:56,Marshmello,FRIENDS,14570,Marshmello:FRIENDS,0,,
494,2021-07-02 16:57,Maroon 5,Animals,39430,Maroon 5:Animals,1,V,3h4T9Bg8OVSUYa6danHeH5
495,2021-07-03 07:28,Maroon 5,Animals,234043,Maroon 5:Animals,1,V,3h4T9Bg8OVSUYa6danHeH5
496,2021-07-03 07:32,One Direction,Story of My Life,245493,One Direction:Story of My Life,0,,
497,2021-07-03 07:35,Imagine Dragons,Demons,158003,Imagine Dragons:Demons,0,,
498,2021-07-08 17:38,24kGoldn,VALENTINO - Imanbek Remix,13750,24kGoldn:VALENTINO - Imanbek Remix,0,,
499,2021-07-08 17:39,The Weeknd,The Hills,10260,The Weeknd:The Hills,0,,
500,2021-07-08 17:39,Y2K,Lalala - Ilkan Gunuc Remix,39210,Y2K:Lalala - Ilkan Gunuc Remix,0,,
501,2021-07-08 17:40,Post Malone,Ball For Me (feat. Nicki Minaj),56080,Post Malone:Ball For Me (feat. Nicki Minaj),0,,
502,2021-07-08 17:40,Juice WRLD,Lucid Dreams,2630,Juice WRLD:Lucid Dreams,0,,
503,2021-07-08 17:41,24kGoldn,Company (feat. Future),25860,24kGoldn:Company (feat. Future),0,,
504,2021-07-08 17:42,Maroon 5,Beautiful Mistakes (feat. Megan Thee Stallion),77610,Maroon 5:Beautiful Mistakes (feat. Megan Thee Stallion),0,,
505,2021-07-08 17:46,Maroon 5,Animals,231013,Maroon 5:Animals,1,V,3h4T9Bg8OVSUYa6danHeH5
506,2021-07-08 17:49,Imagine Dragons,On Top Of The World,174426,Imagine Dragons:On Top Of The World,0,,
507,2021-07-08 17:49,Imagine Dragons,Bad Liar,2400,Imagine Dragons:Bad Liar,1,Origins,2RSHsoi04658QL5xgQVov3
508,2021-07-09 05:29,Alan Walker,Sweet Dreams,138819,Alan Walker:Sweet Dreams,1,Sweet Dreams,4uDhts78RdwIDjEqPrYVKp
509,2021-07-09 05:32,Serhat Durmus,Hislerim,214204,Serhat Durmus:Hislerim,1,Hislerim,32Mh7kOCWmNTZgre0cGvCV
510,2021-07-09 05:35,Selena Gomez,Lose You To Love Me,96070,Selena Gomez:Lose You To Love Me,1,Rare,4l0Mvzj72xxOpRrp6h8nHi
511,2021-07-12 07:53,Surf Mesa,ily (i love you baby) (feat. Emilee),176546,Surf Mesa:ily (i love you baby) (feat. Emilee),1,ily (i love you baby) (feat. Emilee),62aP9fBQKYKxi7PDXwcUAS
512,2021-07-12 07:54,MOTi,Friday (feat. JGUAR),39353,MOTi:Friday (feat. JGUAR),0,,
513,2021-07-12 07:54,Krewella,Good On You,2430,Krewella:Good On You,0,,
514,2021-07-12 07:56,R3HAB,Flames (with ZAYN),155526,R3HAB:Flames (with ZAYN),0,,
515,2021-07-12 07:59,Martin Garrix,Drown (feat. Clinton Kane),174062,Martin Garrix:Drown (feat. Clinton Kane),0,,
516,2021-07-12 08:00,Becky Hill,Better Off Without You (feat. Shift K3Y),48181,Becky Hill:Better Off Without You (feat. Shift K3Y),0,,
517,2021-07-12 08:00,Steve Aoki,Maldad,15950,Steve Aoki:Maldad,0,,
518,2021-07-12 08:01,Ranji,The Moments I'm Missing - RANJI vs WHITENO1SE,48330,Ranji:The Moments I'm Missing - RANJI vs WHITENO1SE,0,,
519,2021-07-12 08:05,Martin Garrix,Used To Love (with Dean Lewis),236764,Martin Garrix:Used To Love (with Dean Lewis),0,,
520,2021-07-12 08:15,Sub Urban,Cradles,209829,Sub Urban:Cradles,0,,
521,2021-07-12 08:18,R3HAB,Be Okay (with HRVY),141600,R3HAB:Be Okay (with HRVY),0,,
522,2021-07-12 08:20,MK,One Night (feat. Raphaella),88772,MK:One Night (feat. Raphaella),0,,
523,2021-07-12 08:21,Armin van Buuren,Million Voices,76060,Armin van Buuren:Million Voices,0,,
524,2021-07-12 17:32,Taylor Swift,cardigan,720,Taylor Swift:cardigan,0,,
525,2021-07-13 11:49,Taylor Swift,cardigan,1150,Taylor Swift:cardigan,0,,
526,2021-07-14 13:34,Taylor Swift,cardigan,230860,Taylor Swift:cardigan,0,,
527,2021-07-14 13:36,Kwik Brain with Jim Kwik,238: How to Win the Next Six Months,109200,Kwik Brain with Jim Kwik:238: How to Win the Next Six Months,0,,
528,2021-07-20 09:30,Kwik Brain with Jim Kwik,238: How to Win the Next Six Months,866298,Kwik Brain with Jim Kwik:238: How to Win the Next Six Months,0,,
529,2021-07-20 09:33,Alan Walker,Sweet Dreams,138819,Alan Walker:Sweet Dreams,1,Sweet Dreams,4uDhts78RdwIDjEqPrYVKp
530,2021-07-20 09:36,Serhat Durmus,Hislerim,214204,Serhat Durmus:Hislerim,1,Hislerim,32Mh7kOCWmNTZgre0cGvCV
531,2021-07-20 09:37,Selena Gomez,Lose You To Love Me,38736,Selena Gomez:Lose You To Love Me,1,Rare,4l0Mvzj72xxOpRrp6h8nHi
532,2021-07-20 09:37,Maroon 5,Animals,3270,Maroon 5:Animals,1,V,3h4T9Bg8OVSUYa6danHeH5
533,2021-07-20 09:40,Imagine Dragons,Radioactive,186813,Imagine Dragons:Radioactive,1,Night Visions,62yJjFtgkhUrXktIoSjgP2
534,2021-07-20 09:43,Imagine Dragons,Bad Liar – Stripped,174816,Imagine Dragons:Bad Liar – Stripped,1,Bad Liar – Stripped,6hFi0gXP8KItwMqfBgf44b
535,2021-07-20 09:43,Maroon 5,Girls Like You (feat. Cardi B) - Cardi B Version,3080,Maroon 5:Girls Like You (feat. Cardi B) - Cardi B Version,1,Red Pill Blues,7fa9MBXhVfQ8P8Df9OEbD8
536,2021-07-20 09:43,Surf Mesa,ily (i love you baby) (feat. Emilee),2310,Surf Mesa:ily (i love you baby) (feat. Emilee),1,ily (i love you baby) (feat. Emilee),62aP9fBQKYKxi7PDXwcUAS
537,2021-07-20 09:43,Imagine Dragons,Believer,1880,Imagine Dragons:Believer,1,Evolve,0pqnGHJpmpxLKifKRmU6WP
538,2021-07-20 09:44,Halsey,Without Me,44160,Halsey:Without Me,1,Without Me,5p7ujcrUXASCNwRaWNHR1C
539,2021-07-20 09:49,Alan Walker,"Alone, Pt. II",179052,"Alan Walker:Alone, Pt. II",1,"Alone, Pt. II",0bMbDctzMmTyK2j74j3nF3
540,2021-07-20 09:52,Imagine Dragons,Radioactive,186813,Imagine Dragons:Radioactive,1,Night Visions,62yJjFtgkhUrXktIoSjgP2
541,2021-07-20 09:52,Imagine Dragons,Bad Liar,11084,Imagine Dragons:Bad Liar,1,Origins,2RSHsoi04658QL5xgQVov3
542,2021-07-20 09:53,Imagine Dragons,Thunder,1310,Imagine Dragons:Thunder,1,Evolve,1zB4vmk8tFRmM9UULNzbLB
543,2021-07-20 09:57,Taylor Swift,Blank Space,231826,Taylor Swift:Blank Space,0,,
544,2021-07-20 10:00,Conan Gray,Crush Culture,204120,Conan Gray:Crush Culture,0,,
545,2021-07-20 10:03,Ricky Montgomery,Mr Loverman,178943,Ricky Montgomery:Mr Loverman,0,,
546,2021-07-20 10:06,Camila Cabello,Liar,6636,Camila Cabello:Liar,0,,
547,2021-07-20 10:06,HRVY,Told You So,177013,HRVY:Told You So,0,,
548,2021-07-21 16:30,Camila Cabello,Liar,200657,Camila Cabello:Liar,0,,
549,2021-07-21 16:30,Taylor Swift,The Story Of Us,4112,Taylor Swift:The Story Of Us,0,,
550,2021-07-21 16:34,Mattybraps,Monsters,176400,Mattybraps:Monsters,0,,
551,2021-07-21 16:37,Sam Feldt,Stronger (feat. Kesha),173714,Sam Feldt:Stronger (feat. Kesha),0,,
552,2021-07-21 16:40,HRVY,Good Vibes,170280,HRVY:Good Vibes,0,,
553,2021-07-21 16:43,Halsey,Without Me,201660,Halsey:Without Me,1,Without Me,5p7ujcrUXASCNwRaWNHR1C
554,2021-07-21 16:45,Lady Gaga,Music To My Eyes,22220,Lady Gaga:Music To My Eyes,0,,
555,2021-07-21 16:45,SHAED,Trampoline (with ZAYN),107060,SHAED:Trampoline (with ZAYN),0,,
556,2021-07-21 16:45,Taylor Swift,You Belong With Me (Taylor’s Version),11200,Taylor Swift:You Belong With Me (Taylor’s Version),0,,
557,2021-07-21 16:46,One Direction,They Don't Know About Us,56220,One Direction:They Don't Know About Us,0,,
558,2021-07-21 16:46,Conan Gray,Maniac,6220,Conan Gray:Maniac,0,,
559,2021-07-21 16:49,Bebe Rexha,Die For a Man (feat. Lil Uzi Vert),167179,Bebe Rexha:Die For a Man (feat. Lil Uzi Vert),0,,
560,2021-07-21 16:50,Billie Eilish,bellyache,32330,Billie Eilish:bellyache,0,,
561,2021-07-21 16:53,Camila Cabello,Crying in the Club,216391,Camila Cabello:Crying in the Club,0,,
562,2021-07-21 16:55,Au/Ra,Dead Girl! (Shake My Head),32126,Au/Ra:Dead Girl! (Shake My Head),0,,
563,2021-07-21 16:58,Ruel,Painkiller,213506,Ruel:Painkiller,0,,
564,2021-07-21 16:59,Topic,Chain My Heart,44563,Topic:Chain My Heart,0,,
565,2021-07-21 17:02,Selena Gomez,Lose You To Love Me,206458,Selena Gomez:Lose You To Love Me,1,Rare,4l0Mvzj72xxOpRrp6h8nHi
566,2021-07-21 17:06,Taylor Swift,Shake It Off,219200,Taylor Swift:Shake It Off,0,,
567,2021-07-21 17:09,NERVO,Gotta Be You,149032,NERVO:Gotta Be You,0,,
568,2021-07-21 17:11,Alec Benjamin,Let Me Down Slowly,150927,Alec Benjamin:Let Me Down Slowly,0,,
569,2021-07-21 17:15,Ellie Goulding,Love Me Like You Do,253520,Ellie Goulding:Love Me Like You Do,0,,
570,2021-07-21 17:19,5 Seconds of Summer,Teeth,154011,5 Seconds of Summer:Teeth,0,,
571,2021-07-21 17:22,Sabrina Carpenter,Skin,177500,Sabrina Carpenter:Skin,0,,
572,2021-07-21 17:25,Johnny Orlando,What If (I Told You I Like You),162500,Johnny Orlando:What If (I Told You I Like You),0,,
573,2021-07-21 17:27,OneRepublic,Rescue Me,4650,OneRepublic:Rescue Me,0,,
574,2021-07-21 17:27,James Arthur,Rewrite The Stars (with James Arthur & Anne-Marie),134990,James Arthur:Rewrite The Stars (with James Arthur & Anne-Marie),0,,
575,2021-07-21 17:30,Bebe Rexha,Girl in the Mirror,158066,Bebe Rexha:Girl in the Mirror,0,,
576,2021-07-21 17:30,5 Seconds of Summer,Ghost Of You,31223,5 Seconds of Summer:Ghost Of You,0,,
577,2021-07-24 08:14,5 Seconds of Summer,Ghost Of You,2140,5 Seconds of Summer:Ghost Of You,0,,
578,2021-07-24 08:15,Serhat Durmus,Hislerim,0,Serhat Durmus:Hislerim,1,Hislerim,32Mh7kOCWmNTZgre0cGvCV
579,2021-07-24 08:15,Maroon 5,Animals,2430,Maroon 5:Animals,1,V,3h4T9Bg8OVSUYa6danHeH5
580,2021-07-24 08:19,Serhat Durmus,Hislerim,214204,Serhat Durmus:Hislerim,1,Hislerim,32Mh7kOCWmNTZgre0cGvCV
581,2021-07-24 08:22,Selena Gomez,Lose You To Love Me,206458,Selena Gomez:Lose You To Love Me,1,Rare,4l0Mvzj72xxOpRrp6h8nHi
582,2021-07-24 08:22,Maroon 5,Animals,4530,Maroon 5:Animals,1,V,3h4T9Bg8OVSUYa6danHeH5
583,2021-07-24 08:26,Imagine Dragons,Radioactive,186813,Imagine Dragons:Radioactive,1,Night Visions,62yJjFtgkhUrXktIoSjgP2
584,2021-07-24 08:26,Imagine Dragons,Bad Liar – Stripped,9276,Imagine Dragons:Bad Liar – Stripped,1,Bad Liar – Stripped,6hFi0gXP8KItwMqfBgf44b
585,2021-07-24 08:26,Maroon 5,Girls Like You (feat. Cardi B) - Cardi B Version,26240,Maroon 5:Girls Like You (feat. Cardi B) - Cardi B Version,1,Red Pill Blues,7fa9MBXhVfQ8P8Df9OEbD8
586,2021-07-24 08:26,Surf Mesa,ily (i love you baby) (feat. Emilee),3640,Surf Mesa:ily (i love you baby) (feat. Emilee),1,ily (i love you baby) (feat. Emilee),62aP9fBQKYKxi7PDXwcUAS
587,2021-07-24 08:27,Halsey,Without Me,2350,Halsey:Without Me,1,Without Me,5p7ujcrUXASCNwRaWNHR1C
588,2021-07-24 08:27,Alan Walker,"Alone, Pt. II",810,"Alan Walker:Alone, Pt. II",1,"Alone, Pt. II",0bMbDctzMmTyK2j74j3nF3
589,2021-07-24 08:27,Imagine Dragons,Believer,7020,Imagine Dragons:Believer,1,Evolve,0pqnGHJpmpxLKifKRmU6WP
590,2021-07-24 08:30,Imagine Dragons,Radioactive,186813,Imagine Dragons:Radioactive,1,Night Visions,62yJjFtgkhUrXktIoSjgP2
591,2021-07-24 08:59,Imagine Dragons,Bad Liar,188376,Imagine Dragons:Bad Liar,1,Origins,2RSHsoi04658QL5xgQVov3
592,2021-07-25 14:16,Serhat Durmus,La Câlin,8090,Serhat Durmus:La Câlin,0,,
593,2021-07-25 14:16,Selena Gomez,Lose You To Love Me,2125,Selena Gomez:Lose You To Love Me,1,Rare,4l0Mvzj72xxOpRrp6h8nHi
594,2021-07-25 14:16,Serhat Durmus,Hislerim,214204,Serhat Durmus:Hislerim,1,Hislerim,32Mh7kOCWmNTZgre0cGvCV
595,2021-07-25 14:17,Serhat Durmus,Intro,21110,Serhat Durmus:Intro,0,,
596,2021-07-25 14:17,Serhat Durmus,Me and U (Intro),10100,Serhat Durmus:Me and U (Intro),0,,
597,2021-07-25 14:18,John Legend,Wild (feat. Gary Clark Jr.),9710,John Legend:Wild (feat. Gary Clark Jr.),0,,
598,2021-07-25 14:18,Maroon 5,Beautiful Mistakes (feat. Megan Thee Stallion),9420,Maroon 5:Beautiful Mistakes (feat. Megan Thee Stallion),0,,
599,2021-07-25 14:18,SAPPHIRE,Unity (Acoustic),60650,SAPPHIRE:Unity (Acoustic),0,,
600,2021-07-25 14:19,The Weeknd,Blinding Lights,29690,The Weeknd:Blinding Lights,0,,
601,2021-07-25 17:52,Serhat Durmus,Hislerim,212930,Serhat Durmus:Hislerim,1,Hislerim,32Mh7kOCWmNTZgre0cGvCV
602,2021-07-25 17:55,Imagine Dragons,Radioactive,186813,Imagine Dragons:Radioactive,1,Night Visions,62yJjFtgkhUrXktIoSjgP2
603,2021-07-25 18:14,Imagine Dragons,Bad Liar – Stripped,206790,Imagine Dragons:Bad Liar – Stripped,1,Bad Liar – Stripped,6hFi0gXP8KItwMqfBgf44b
604,2021-08-04 13:43,Imagine Dragons,Radioactive,186813,Imagine Dragons:Radioactive,1,Night Visions,62yJjFtgkhUrXktIoSjgP2
605,2021-08-04 13:45,Alan Walker,Sweet Dreams,138819,Alan Walker:Sweet Dreams,1,Sweet Dreams,4uDhts78RdwIDjEqPrYVKp
606,2021-08-04 14:31,Serhat Durmus,Hislerim,214204,Serhat Durmus:Hislerim,1,Hislerim,32Mh7kOCWmNTZgre0cGvCV
607,2021-08-04 15:54,Selena Gomez,Lose You To Love Me,168223,Selena Gomez:Lose You To Love Me,1,Rare,4l0Mvzj72xxOpRrp6h8nHi
608,2021-08-04 16:11,Imagine Dragons,Radioactive,186813,Imagine Dragons:Radioactive,1,Night Visions,62yJjFtgkhUrXktIoSjgP2
609,2021-08-04 16:14,Alan Walker,Sweet Dreams,138819,Alan Walker:Sweet Dreams,1,Sweet Dreams,4uDhts78RdwIDjEqPrYVKp
610,2021-08-04 16:17,Serhat Durmus,Hislerim,214204,Serhat Durmus:Hislerim,1,Hislerim,32Mh7kOCWmNTZgre0cGvCV
611,2021-08-04 19:33,Selena Gomez,Lose You To Love Me,39013,Selena Gomez:Lose You To Love Me,1,Rare,4l0Mvzj72xxOpRrp6h8nHi
612,2021-08-07 17:37,Serhat Durmus,Hislerim,214204,Serhat Durmus:Hislerim,1,Hislerim,32Mh7kOCWmNTZgre0cGvCV
613,2021-08-07 17:40,Selena Gomez,Lose You To Love Me,200125,Selena Gomez:Lose You To Love Me,1,Rare,4l0Mvzj72xxOpRrp6h8nHi
614,2021-08-09 07:45,Sukhwinder Singh,"Chaiyya Chaiyya (From ""Dil Se"")",19270,"Sukhwinder Singh:Chaiyya Chaiyya (From ""Dil Se"")",0,,
615,2021-08-09 07:45,Selena Gomez,Lose You To Love Me,6580,Selena Gomez:Lose You To Love Me,1,Rare,4l0Mvzj72xxOpRrp6h8nHi
616,2021-08-09 07:45,Maroon 5,Animals,21039,Maroon 5:Animals,1,V,3h4T9Bg8OVSUYa6danHeH5
617,2021-08-09 07:48,Salim–Sulaiman,Chak De India,174340,Salim–Sulaiman:Chak De India,0,,
618,2021-08-09 08:17,Sukhwinder Singh,Saugandh Mujhe Iss Mitti Ki,77830,Sukhwinder Singh:Saugandh Mujhe Iss Mitti Ki,0,,
619,2021-08-25 09:12,Muse,Propaganda,1490,Muse:Propaganda,0,,
620,2021-08-25 09:15,Imagine Dragons,On Top Of The World,192280,Imagine Dragons:On Top Of The World,0,,
621,2021-08-25 09:18,Maroon 5,Lost,172597,Maroon 5:Lost,0,,
622,2021-08-25 09:22,Imagine Dragons,Machine,181880,Imagine Dragons:Machine,0,,
623,2021-08-25 09:25,Maroon 5,Beautiful Mistakes (feat. Megan Thee Stallion),201361,Maroon 5:Beautiful Mistakes (feat. Megan Thee Stallion),0,,
624,2021-08-25 09:25,Imagine Dragons,Thunder,2590,Imagine Dragons:Thunder,1,Evolve,1zB4vmk8tFRmM9UULNzbLB
625,2021-08-25 09:28,Marshmello,FRIENDS - Acoustic,19571,Marshmello:FRIENDS - Acoustic,0,,
626,2021-08-25 09:28,OneRepublic,Somebody To Love,181408,OneRepublic:Somebody To Love,0,,
627,2021-08-25 09:31,Maroon 5,Maps,189960,Maroon 5:Maps,0,,
628,2021-08-25 09:35,Imagine Dragons,Bleeding Out,223160,Imagine Dragons:Bleeding Out,0,,
629,2021-08-25 09:41,Of Monsters and Men,Little Talks,266600,Of Monsters and Men:Little Talks,0,,
630,2021-08-25 09:43,Maroon 5,Memories,102474,Maroon 5:Memories,0,,
631,2021-08-25 10:10,Bastille,Pompeii,131000,Bastille:Pompeii,0,,
632,2021-08-26 03:22,Bastille,Pompeii,12970,Bastille:Pompeii,0,,
633,2021-08-26 03:23,Diamond Eyes,23,2350,Diamond Eyes:23,0,,
634,2021-08-26 03:23,Brook Xiao,Fire,7650,Brook Xiao:Fire,0,,
635,2021-08-26 03:25,Alan Walker,Ignite,124490,Alan Walker:Ignite,0,,
636,2021-08-26 03:28,Xaia,Breakdown,217530,Xaia:Breakdown,0,,
637,2021-08-26 03:35,K-391,Electro House,43180,K-391:Electro House,0,,
638,2021-08-26 05:05,Maroon 5,Animals,4280,Maroon 5:Animals,1,V,3h4T9Bg8OVSUYa6danHeH5
639,2021-08-28 10:56,Doja Cat,You Right,167910,Doja Cat:You Right,0,,
640,2021-08-28 10:57,Krewella,Alive,12390,Krewella:Alive,0,,
641,2021-08-28 11:00,Axwell /\ Ingrosso,More Than You Know,188290,Axwell /\ Ingrosso:More Than You Know,0,,
642,2021-08-28 11:00,Galantis,Runaway (U & I),13560,Galantis:Runaway (U & I),0,,
643,2021-08-28 11:00,Avicii,The Nights,8250,Avicii:The Nights,0,,
644,2021-08-28 11:01,Calvin Harris,Under Control (feat. Hurts),14210,Calvin Harris:Under Control (feat. Hurts),0,,
645,2021-08-28 11:01,Sebastian Ingrosso,Calling (Lose My Mind) - Radio Edit,28590,Sebastian Ingrosso:Calling (Lose My Mind) - Radio Edit,0,,
646,2021-08-28 11:02,ILLENIUM,Crawl Outta Love,29160,ILLENIUM:Crawl Outta Love,0,,
647,2021-08-28 11:05,Calvin Harris,Feel So Close - Radio Edit,2500,Calvin Harris:Feel So Close - Radio Edit,0,,
648,2021-08-28 11:05,Jai Wolf,Indian Summer,196604,Jai Wolf:Indian Summer,0,,
649,2021-08-28 11:05,Avicii,Levels - Radio Edit,10805,Avicii:Levels - Radio Edit,0,,
650,2021-08-28 11:05,Kygo,Remind Me to Forget,4880,Kygo:Remind Me to Forget,0,,
651,2021-08-28 11:43,Martin Garrix,In the Name of Love,127400,Martin Garrix:In the Name of Love,0,,
652,2021-09-03 05:46,Tones And I,Dance Monkey,10050,Tones And I:Dance Monkey,0,,
653,2021-09-03 05:46,Flume,Never Be Like You,17410,Flume:Never Be Like You,0,,
654,2021-09-03 05:46,Martin Garrix,In the Name of Love,1480,Martin Garrix:In the Name of Love,0,,
655,2021-09-03 05:46,Krewella,Alive,4120,Krewella:Alive,0,,
656,2021-09-03 05:50,David Guetta,Titanium (feat. Sia),197860,David Guetta:Titanium (feat. Sia),0,,
657,2021-09-03 05:51,Kaleb J,It's Only Me - Studio Version,44380,Kaleb J:It's Only Me - Studio Version,0,,
658,2021-09-03 05:53,The Kid LAROI,STAY (with Justin Bieber),141805,The Kid LAROI:STAY (with Justin Bieber),0,,
659,2021-09-03 05:53,Lil Nas X,INDUSTRY BABY (feat. Jack Harlow),6454,Lil Nas X:INDUSTRY BABY (feat. Jack Harlow),0,,
660,2021-09-04 08:38,Kanye West,Hurricane,2670,Kanye West:Hurricane,0,,
661,2021-09-04 08:38,Ed Sheeran,Bad Habits,3070,Ed Sheeran:Bad Habits,0,,
662,2021-09-04 08:38,The Kid LAROI,STAY (with Justin Bieber),137030,The Kid LAROI:STAY (with Justin Bieber),0,,
663,2021-09-04 08:38,Lil Nas X,INDUSTRY BABY (feat. Jack Harlow),4560,Lil Nas X:INDUSTRY BABY (feat. Jack Harlow),0,,
664,2021-09-04 08:40,Billie Eilish,Happier Than Ever,4050,Billie Eilish:Happier Than Ever,0,,
665,2021-09-04 08:40,Farruko,Pepas,3240,Farruko:Pepas,0,,
666,2021-09-04 08:40,Doja Cat,Need To Know,5470,Doja Cat:Need To Know,0,,
667,2021-09-04 08:40,Kanye West,Off The Grid,9100,Kanye West:Off The Grid,0,,
668,2021-09-04 08:40,Olivia Rodrigo,good 4 u,11850,Olivia Rodrigo:good 4 u,0,,
669,2021-09-04 08:40,Måneskin,Beggin',89870,Måneskin:Beggin',0,,
670,2021-09-04 08:40,Doja Cat,Woman,6330,Doja Cat:Woman,0,,
671,2021-09-04 08:40,Glass Animals,Heat Waves,8400,Glass Animals:Heat Waves,0,,
672,2021-09-04 08:42,Doja Cat,Kiss Me More (feat. SZA),3160,Doja Cat:Kiss Me More (feat. SZA),0,,
673,2021-09-04 08:42,Rauw Alejandro,Todo De Ti,1350,Rauw Alejandro:Todo De Ti,0,,
674,2021-09-04 08:42,Lil Nas X,MONTERO (Call Me By Your Name),103870,Lil Nas X:MONTERO (Call Me By Your Name),0,,
675,2021-09-04 08:42,Aventura,Volví,1150,Aventura:Volví,0,,
676,2021-09-04 08:42,Kanye West,Jail,9340,Kanye West:Jail,0,,
677,2021-09-04 08:43,Bad Bunny,Yonaguni,4820,Bad Bunny:Yonaguni,0,,
678,2021-09-04 08:45,The Kid LAROI,STAY (with Justin Bieber),141805,The Kid LAROI:STAY (with Justin Bieber),0,,
679,2021-09-04 08:46,Lil Nas X,INDUSTRY BABY (feat. Jack Harlow),67714,Lil Nas X:INDUSTRY BABY (feat. Jack Harlow),0,,
680,2021-09-04 08:47,NIKI,Always Rising,44020,NIKI:Always Rising,0,,
681,2021-09-04 08:47,Javed-Mohsin,"Kabhii Tumhhe (From ""Shershaah"")",18840,"Javed-Mohsin:Kabhii Tumhhe (From ""Shershaah"")",0,,
682,2021-09-04 08:48,Pritam,Khairiyat,18310,Pritam:Khairiyat,0,,
683,2021-09-04 08:48,Tanishk Bagchi,"Raataan Lambiyan (From ""Shershaah"")",5740,"Tanishk Bagchi:Raataan Lambiyan (From ""Shershaah"")",0,,
684,2021-09-04 08:48,Doja Cat,Woman,34390,Doja Cat:Woman,0,,
685,2021-09-04 08:50,Jasleen Royal,"Ranjha (From ""Shershaah"")",80580,"Jasleen Royal:Ranjha (From ""Shershaah"")",0,,
686,2021-09-04 08:54,B Praak,"Mann Bharryaa 2.0 (From ""Shershaah"")",260940,"B Praak:Mann Bharryaa 2.0 (From ""Shershaah"")",0,,
687,2021-09-10 05:45,Alan Walker,Sweet Dreams,138819,Alan Walker:Sweet Dreams,1,Sweet Dreams,4uDhts78RdwIDjEqPrYVKp
688,2021-09-10 05:48,Serhat Durmus,Hislerim,214204,Serhat Durmus:Hislerim,1,Hislerim,32Mh7kOCWmNTZgre0cGvCV
689,2021-09-10 05:51,Selena Gomez,Lose You To Love Me,146666,Selena Gomez:Lose You To Love Me,1,Rare,4l0Mvzj72xxOpRrp6h8nHi
690,2021-09-10 05:54,Rahat Fateh Ali Khan,Man Bawra,152620,Rahat Fateh Ali Khan:Man Bawra,0,,
691,2021-09-10 05:57,B Praak,"Mann Bharryaa 2.0 (From ""Shershaah"")",187460,"B Praak:Mann Bharryaa 2.0 (From ""Shershaah"")",0,,
692,2021-09-10 19:41,Leon James,"Kadhaippoma (From ""Oh My Kadavule"")",63690,"Leon James:Kadhaippoma (From ""Oh My Kadavule"")",0,,
693,2021-09-10 19:46,Pritam,"Aabaad Barbaad (From ""Ludo"")",309103,"Pritam:Aabaad Barbaad (From ""Ludo"")",0,,
694,2021-09-10 19:51,B Praak,Kuch Bhi Ho Jaye,274500,B Praak:Kuch Bhi Ho Jaye,0,,
695,2021-09-10 19:53,Ved Sharma,"Malang (Title Track) [From ""Malang - Unleash The Madness""]",162016,"Ved Sharma:Malang (Title Track) [From ""Malang - Unleash The Madness""]",0,,
696,2021-09-10 19:56,Kanye West,Hurricane,146800,Kanye West:Hurricane,0,,
697,2021-09-10 19:56,The Kid LAROI,STAY (with Justin Bieber),2930,The Kid LAROI:STAY (with Justin Bieber),0,,
698,2021-09-10 19:59,Bella Poarch,Build a Bitch,11955,Bella Poarch:Build a Bitch,0,,
699,2021-09-10 19:59,Tesher,Jalebi Baby (Tesher x Jason Derulo),169154,Tesher:Jalebi Baby (Tesher x Jason Derulo),0,,
700,2021-09-12 03:01,Audice Wellness Services ,1 Hour Sleep Clinical Hypnosis Healing Sleep Music ,10180,Audice Wellness Services :1 Hour Sleep Clinical Hypnosis Healing Sleep Music ,0,,
701,2021-09-12 03:47,MEDITATION SELF," Focus Music,Reduce Anxiety, Increase Brain Power, Binaural and Isochronic Beats",164080,"MEDITATION SELF: Focus Music,Reduce Anxiety, Increase Brain Power, Binaural and Isochronic Beats",0,,
702,2021-09-12 18:49,MEDITATION SELF," Focus Music,Reduce Anxiety, Increase Brain Power, Binaural and Isochronic Beats",3589460,"MEDITATION SELF: Focus Music,Reduce Anxiety, Increase Brain Power, Binaural and Isochronic Beats",0,,
703,2021-09-13 06:08,MEDITATION SELF," Focus Music,Reduce Anxiety, Increase Brain Power, Binaural and Isochronic Beats",2696810,"MEDITATION SELF: Focus Music,Reduce Anxiety, Increase Brain Power, Binaural and Isochronic Beats",0,,
704,2021-09-14 09:05,Jasleen Royal,"Ranjha (From ""Shershaah"")",228855,"Jasleen Royal:Ranjha (From ""Shershaah"")",0,,
705,2021-09-14 09:09,B Praak,"Mann Bharryaa 2.0 (From ""Shershaah"")",266005,"B Praak:Mann Bharryaa 2.0 (From ""Shershaah"")",0,,
706,2021-09-14 09:10,B Praak,Filhaal2 Mohabbat,54039,B Praak:Filhaal2 Mohabbat,0,,
707,2021-09-14 09:11,B Praak,Baarish Ki Jaaye,37960,B Praak:Baarish Ki Jaaye,0,,
708,2021-09-14 09:16,Arko,Teri Mitti,313999,Arko:Teri Mitti,0,,
709,2021-09-14 09:18,Meer,Rog Ishqe Da,112920,Meer:Rog Ishqe Da,0,,
710,2021-09-23 07:23,MEDITATION SELF,"Study Music, Concentration, Focus, Meditation, Memory, Work Music, Relaxing Music, Study, ",653920,"MEDITATION SELF:Study Music, Concentration, Focus, Meditation, Memory, Work Music, Relaxing Music, Study, ",0,,
711,2021-09-23 07:27,Imagine Dragons,Bad Liar,260773,Imagine Dragons:Bad Liar,1,Origins,2RSHsoi04658QL5xgQVov3
712,2021-09-23 07:30,Imagine Dragons,Thunder,187146,Imagine Dragons:Thunder,1,Evolve,1zB4vmk8tFRmM9UULNzbLB
713,2021-09-29 16:17,Miracle Frequency Music,528HZ Frequency Positive Energy,2936570,Miracle Frequency Music:528HZ Frequency Positive Energy,0,,
714,2021-09-29 16:19,OMJamie,We Don't Talk Anymore (Jungkook Violin Duet),82020,OMJamie:We Don't Talk Anymore (Jungkook Violin Duet),0,,
715,2021-09-29 16:22,Post Malone,Circles,215280,Post Malone:Circles,0,,
716,2021-09-29 16:27,Lil Nas X,DEAD RIGHT NOW,221203,Lil Nas X:DEAD RIGHT NOW,0,,
717,2021-09-29 16:28,24kGoldn,CITY OF ANGELS,48871,24kGoldn:CITY OF ANGELS,0,,
718,2021-09-30 17:30,MEDITATION SELF,"Study Music, Concentration, Focus, Meditation, Memory, Work Music, Relaxing Music, Study, ",2335200,"MEDITATION SELF:Study Music, Concentration, Focus, Meditation, Memory, Work Music, Relaxing Music, Study, ",0,,
719,2021-10-03 05:44,MEDITATION SELF,"Study Music, Concentration, Focus, Meditation, Memory, Work Music, Relaxing Music, Study, ",475050,"MEDITATION SELF:Study Music, Concentration, Focus, Meditation, Memory, Work Music, Relaxing Music, Study, ",0,,
720,2021-10-03 08:33,Meditation Life Skills Podcast,"Deep Focus Music: One Hour Of Deep Ambient Alpha Waves For Study, and Focus",3432895,"Meditation Life Skills Podcast:Deep Focus Music: One Hour Of Deep Ambient Alpha Waves For Study, and Focus",0,,
721,2021-10-03 12:02,Meditation Life Skills Podcast,"Deep Focus Music: One Hour Of Deep Ambient Alpha Waves For Study, and Focus",84420,"Meditation Life Skills Podcast:Deep Focus Music: One Hour Of Deep Ambient Alpha Waves For Study, and Focus",0,,
722,2021-10-03 13:37,MEDITATION SELF,"Study Music, Concentration, Focus, Meditation, Memory, Work Music, Relaxing Music, Study, ",2598000,"MEDITATION SELF:Study Music, Concentration, Focus, Meditation, Memory, Work Music, Relaxing Music, Study, ",0,,
723,2021-10-04 09:14,Jubin Nautiyal,Lut Gaye,1990,Jubin Nautiyal:Lut Gaye,0,,
724,2021-10-04 09:14,TikTokHub,Faded X Closer,3800,TikTokHub:Faded X Closer,0,,
725,2021-10-04 09:16,Arem Ozguc,Astronaut In The Ocean,125220,Arem Ozguc:Astronaut In The Ocean,0,,
726,2021-10-04 09:17,Trinity (NL),Alive Again,42900,Trinity (NL):Alive Again,0,,
727,2021-10-04 09:17,Karkaz,Gone,22850,Karkaz:Gone,0,,
728,2021-10-04 09:18,Richie Krisak,Change My Way,50630,Richie Krisak:Change My Way,0,,
729,2021-10-05 04:38,Alpha Brain Waves,Study Music (Alpha Waves),8170,Alpha Brain Waves:Study Music (Alpha Waves),0,,
730,2021-10-05 05:28,MEDITATION SELF,"Study Music, Concentration, Focus, Meditation, Memory, Work Music, Relaxing Music, Study, ",2955670,"MEDITATION SELF:Study Music, Concentration, Focus, Meditation, Memory, Work Music, Relaxing Music, Study, ",0,,
731,2021-10-06 02:40,Pavvan,Teri Sanu Lorr Ni,47210,Pavvan:Teri Sanu Lorr Ni,0,,
732,2021-10-06 02:41,A.R. Rahman,Enna Sona,22810,A.R. Rahman:Enna Sona,0,,
733,2021-10-06 02:43,Sona Mohapatra,Ambarsariya,54070,Sona Mohapatra:Ambarsariya,0,,
734,2021-10-06 02:43,Guri,Billian Billian,121440,Guri:Billian Billian,0,,
735,2021-10-06 02:44,OneRepublic,Counting Stars,13500,OneRepublic:Counting Stars,0,,
736,2021-10-06 07:25,Shawn Mendes,Treat You Better,187973,Shawn Mendes:Treat You Better,0,,
